Date/Time,23_04_19,17:17,
Operator,Felix Weihs,,
Consignment Number,,,
Sample Type,Other,,
Protocol,Sample,,
Temperature,27.9,,
Results,,,
Time,Green,Blue,Ratio
 0.50,65.00,190.00, 0.34
 1.00,300.00,1068.00, 0.28
 1.50,284.00,1167.00, 0.24
 2.00,282.00,1127.00, 0.25
 2.50,284.00,1145.00, 0.25
 3.00,285.00,1169.00, 0.24
 3.50,281.00,1210.00, 0.23
 4.00,266.00,1114.00, 0.24
 4.50,270.00,1178.00, 0.23
 5.00,300.00,1172.00, 0.26
 5.50,290.00,1162.00, 0.25
 6.00,304.00,1255.00, 0.24
 6.50,304.00,1233.00, 0.25
 7.00,309.00,1175.00, 0.26
 7.50,310.00,1160.00, 0.27
 8.00,264.00,1128.00, 0.23
 8.50,319.00,1132.00, 0.28
 9.00,284.00,1115.00, 0.25
 9.50,285.00,1309.00, 0.22
10.00,324.00,1268.00, 0.26
10.50,307.00,1147.00, 0.27
11.00,318.00,1272.00, 0.25
11.50,264.00,1213.00, 0.22
12.00,318.00,1234.00, 0.26
12.50,277.00,1157.00, 0.24
13.00,270.00,1136.00, 0.24
13.50,311.00,1190.00, 0.26
14.00,316.00,1209.00, 0.26
14.50,310.00,1174.00, 0.26
15.00,298.00,1199.00, 0.25
15.50,314.00,1189.00, 0.26
16.00,331.00,1236.00, 0.27
16.50,306.00,1140.00, 0.27
17.00,356.00,1197.00, 0.30
17.50,305.00,1218.00, 0.25
18.00,340.00,1229.00, 0.28
18.50,298.00,1178.00, 0.25
19.00,309.00,1161.00, 0.27
19.50,311.00,1128.00, 0.28
20.00,330.00,1162.00, 0.28
20.50,378.00,1184.00, 0.32
21.00,322.00,1170.00, 0.28
21.50,332.00,1180.00, 0.28
22.00,306.00,1211.00, 0.25
22.50,310.00,1209.00, 0.26
23.00,343.00,1135.00, 0.30
23.50,316.00,1248.00, 0.25
24.00,358.00,1147.00, 0.31
24.50,300.00,1200.00, 0.25
25.00,338.00,1161.00, 0.29
25.50,336.00,1140.00, 0.29
26.00,338.00,1246.00, 0.27
26.50,332.00,1161.00, 0.29
27.00,336.00,1169.00, 0.29
27.50,336.00,1190.00, 0.28
28.00,316.00,1135.00, 0.28
28.50,318.00,1209.00, 0.26
29.00,307.00,1205.00, 0.25
29.50,372.00,1149.00, 0.32
30.00,339.00,1234.00, 0.27
30.50,351.00,1127.00, 0.31
31.00,372.00,1134.00, 0.33
31.50,331.00,1173.00, 0.28
32.00,326.00,1185.00, 0.28
32.50,325.00,1138.00, 0.29
33.00,332.00,1179.00, 0.28
33.50,363.00,1157.00, 0.31
34.00,320.00,1229.00, 0.26
34.50,377.00,1173.00, 0.32
35.00,318.00,1197.00, 0.27
35.50,350.00,1177.00, 0.30
36.00,364.00,1180.00, 0.31
36.50,304.00,1160.00, 0.26
37.00,337.00,1172.00, 0.29
37.50,358.00,1211.00, 0.30
38.00,389.00,1199.00, 0.32
38.50,327.00,1153.00, 0.28
39.00,354.00,1202.00, 0.29
39.50,341.00,1167.00, 0.29
40.00,350.00,1186.00, 0.30
40.50,335.00,1226.00, 0.27
41.00,331.00,1189.00, 0.28
41.50,342.00,1178.00, 0.29
42.00,307.00,1178.00, 0.26
42.50,340.00,1170.00, 0.29
43.00,317.00,1104.00, 0.29
43.50,342.00,1169.00, 0.29
44.00,368.00,1259.00, 0.29
44.50,349.00,1173.00, 0.30
45.00,379.00,1170.00, 0.32
45.50,349.00,1205.00, 0.29
46.00,363.00,1213.00, 0.30
46.50,362.00,1184.00, 0.31
47.00,384.00,1176.00, 0.33
47.50,366.00,1177.00, 0.31
48.00,386.00,1136.00, 0.34
48.50,357.00,1088.00, 0.33
49.00,357.00,1182.00, 0.30
49.50,370.00,1100.00, 0.34
50.00,381.00,1120.00, 0.34
50.50,376.00,1152.00, 0.33
51.00,351.00,1170.00, 0.30
51.50,387.00,1120.00, 0.35
52.00,388.00,1208.00, 0.32
52.50,377.00,1114.00, 0.34
53.00,392.00,1157.00, 0.34
53.50,370.00,1137.00, 0.33
54.00,387.00,1167.00, 0.33
54.50,362.00,1128.00, 0.32
55.00,370.00,1167.00, 0.32
55.50,408.00,1182.00, 0.35
56.00,393.00,1169.00, 0.34
56.50,397.00,1121.00, 0.35
57.00,382.00,1157.00, 0.33
57.50,379.00,1093.00, 0.35
58.00,412.00,1176.00, 0.35
58.50,363.00,1166.00, 0.31
59.00,345.00,1157.00, 0.30
59.50,385.00,1193.00, 0.32
60.00,391.00,1166.00, 0.34
60.50,391.00,1179.00, 0.33
61.00,384.00,1213.00, 0.32
61.50,430.00,1185.00, 0.36
62.00,410.00,1154.00, 0.36
62.50,379.00,1189.00, 0.32
63.00,387.00,1174.00, 0.33
63.50,443.00,1169.00, 0.38
64.00,425.00,1212.00, 0.35
64.50,390.00,1189.00, 0.33
65.00,375.00,1183.00, 0.32
65.50,400.00,1144.00, 0.35
66.00,422.00,1154.00, 0.37
66.50,408.00,1212.00, 0.34
67.00,397.00,1130.00, 0.35
67.50,397.00,1195.00, 0.33
68.00,425.00,1140.00, 0.37
68.50,352.00,1174.00, 0.30
69.00,400.00,1145.00, 0.35
69.50,418.00,1139.00, 0.37
70.00,419.00,1190.00, 0.35
70.50,398.00,1162.00, 0.34
71.00,390.00,1111.00, 0.35
71.50,421.00,1165.00, 0.36
72.00,409.00,1165.00, 0.35
72.50,386.00,1188.00, 0.32
73.00,397.00,1184.00, 0.34
73.50,423.00,1232.00, 0.34
74.00,373.00,1163.00, 0.32
74.50,381.00,1137.00, 0.34
75.00,427.00,1181.00, 0.36
75.50,434.00,1219.00, 0.36
76.00,412.00,1242.00, 0.33
76.50,418.00,1219.00, 0.34
77.00,419.00,1201.00, 0.35
77.50,415.00,1182.00, 0.35
78.00,400.00,1169.00, 0.34
78.50,431.00,1246.00, 0.35
79.00,412.00,1157.00, 0.36
79.50,441.00,1212.00, 0.36
80.00,453.00,1203.00, 0.38
80.50,404.00,1220.00, 0.33
81.00,417.00,1205.00, 0.35
81.50,405.00,1143.00, 0.35
82.00,419.00,1171.00, 0.36
82.50,424.00,1192.00, 0.36
83.00,440.00,1153.00, 0.38
83.50,491.00,1218.00, 0.40
84.00,437.00,1194.00, 0.37
84.50,461.00,1152.00, 0.40
85.00,458.00,1152.00, 0.40
85.50,440.00,1240.00, 0.35
86.00,457.00,1220.00, 0.37
86.50,442.00,1176.00, 0.38
87.00,394.00,1223.00, 0.32
87.50,451.00,1246.00, 0.36
88.00,463.00,1274.00, 0.36
88.50,432.00,1173.00, 0.37
89.00,472.00,1235.00, 0.38
89.50,421.00,1235.00, 0.34
90.00,465.00,1242.00, 0.37
90.50,419.00,1192.00, 0.35
91.00,452.00,1165.00, 0.39
91.50,456.00,1233.00, 0.37
92.00,421.00,1188.00, 0.35
92.50,423.00,1254.00, 0.34
93.00,427.00,1204.00, 0.35
93.50,415.00,1220.00, 0.34
94.00,395.00,1206.00, 0.33
94.50,458.00,1200.00, 0.38
95.00,469.00,1175.00, 0.40
95.50,422.00,1245.00, 0.34
96.00,415.00,1228.00, 0.34
96.50,488.00,1201.00, 0.41
97.00,424.00,1225.00, 0.35
97.50,445.00,1240.00, 0.36
98.00,431.00,1177.00, 0.37
98.50,464.00,1220.00, 0.38
99.00,462.00,1167.00, 0.40
99.50,410.00,1223.00, 0.34
100.00,444.00,1193.00, 0.37
100.50,456.00,1235.00, 0.37
101.00,457.00,1244.00, 0.37
101.50,441.00,1222.00, 0.36
102.00,437.00,1283.00, 0.34
102.50,511.00,1278.00, 0.40
103.00,446.00,1184.00, 0.38
103.50,460.00,1251.00, 0.37
104.00,437.00,1283.00, 0.34
104.50,459.00,1282.00, 0.36
105.00,426.00,1259.00, 0.34
105.50,463.00,1235.00, 0.37
106.00,462.00,1275.00, 0.36
106.50,462.00,1201.00, 0.38
107.00,459.00,1219.00, 0.38
107.50,448.00,1317.00, 0.34
108.00,476.00,1209.00, 0.39
108.50,444.00,1282.00, 0.35
109.00,440.00,1250.00, 0.35
109.50,467.00,1234.00, 0.38
110.00,441.00,1214.00, 0.36
110.50,464.00,1251.00, 0.37
111.00,453.00,1225.00, 0.37
111.50,435.00,1256.00, 0.35
112.00,438.00,1237.00, 0.35
112.50,458.00,1272.00, 0.36
113.00,461.00,1291.00, 0.36
113.50,495.00,1225.00, 0.40
114.00,447.00,1226.00, 0.36
114.50,476.00,1294.00, 0.37
115.00,441.00,1199.00, 0.37
115.50,449.00,1317.00, 0.34
116.00,489.00,1256.00, 0.39
116.50,473.00,1256.00, 0.38
117.00,490.00,1247.00, 0.39
117.50,473.00,1247.00, 0.38
118.00,446.00,1273.00, 0.35
118.50,465.00,1312.00, 0.35
119.00,491.00,1240.00, 0.40
119.50,464.00,1223.00, 0.38
120.00,450.00,1284.00, 0.35
120.50,516.00,1242.00, 0.42
121.00,473.00,1255.00, 0.38
121.50,483.00,1258.00, 0.38
122.00,493.00,1272.00, 0.39
122.50,440.00,1283.00, 0.34
123.00,470.00,1215.00, 0.39
123.50,470.00,1293.00, 0.36
124.00,501.00,1258.00, 0.40
124.50,485.00,1289.00, 0.38
125.00,463.00,1285.00, 0.36
125.50,499.00,1259.00, 0.40
126.00,440.00,1305.00, 0.34
126.50,492.00,1196.00, 0.41
127.00,471.00,1289.00, 0.37
127.50,505.00,1362.00, 0.37
128.00,488.00,1258.00, 0.39
128.50,478.00,1261.00, 0.38
129.00,484.00,1266.00, 0.38
129.50,497.00,1260.00, 0.39
130.00,470.00,1327.00, 0.35
130.50,476.00,1302.00, 0.37
131.00,461.00,1309.00, 0.35
131.50,508.00,1269.00, 0.40
132.00,501.00,1232.00, 0.41
132.50,479.00,1313.00, 0.36
133.00,475.00,1321.00, 0.36
133.50,501.00,1300.00, 0.39
134.00,485.00,1325.00, 0.37
134.50,479.00,1321.00, 0.36
135.00,485.00,1271.00, 0.38
135.50,482.00,1299.00, 0.37
136.00,466.00,1287.00, 0.36
136.50,482.00,1294.00, 0.37
137.00,531.00,1315.00, 0.40
137.50,511.00,1297.00, 0.39
138.00,476.00,1371.00, 0.35
138.50,485.00,1299.00, 0.37
139.00,515.00,1282.00, 0.40
139.50,546.00,1326.00, 0.41
140.00,515.00,1285.00, 0.40
140.50,523.00,1306.00, 0.40
141.00,517.00,1345.00, 0.38
141.50,503.00,1276.00, 0.39
142.00,514.00,1280.00, 0.40
142.50,473.00,1314.00, 0.36
143.00,474.00,1260.00, 0.38
143.50,514.00,1316.00, 0.39
144.00,513.00,1311.00, 0.39
144.50,505.00,1365.00, 0.37
145.00,533.00,1324.00, 0.40
145.50,497.00,1304.00, 0.38
146.00,507.00,1232.00, 0.41
146.50,522.00,1341.00, 0.39
147.00,506.00,1320.00, 0.38
147.50,509.00,1335.00, 0.38
148.00,517.00,1353.00, 0.38
148.50,529.00,1382.00, 0.38
149.00,587.00,1348.00, 0.44
149.50,519.00,1313.00, 0.40
150.00,481.00,1322.00, 0.36
150.50,542.00,1386.00, 0.39
151.00,523.00,1371.00, 0.38
151.50,525.00,1314.00, 0.40
152.00,508.00,1303.00, 0.39
152.50,506.00,1315.00, 0.38
153.00,544.00,1387.00, 0.39
153.50,535.00,1395.00, 0.38
154.00,501.00,1391.00, 0.36
154.50,583.00,1343.00, 0.43
155.00,547.00,1356.00, 0.40
155.50,536.00,1370.00, 0.39
156.00,518.00,1395.00, 0.37
156.50,535.00,1333.00, 0.40
157.00,524.00,1465.00, 0.36
157.50,576.00,1383.00, 0.42
158.00,544.00,1395.00, 0.39
158.50,561.00,1501.00, 0.37
159.00,580.00,1374.00, 0.42
159.50,608.00,1410.00, 0.43
160.00,580.00,1368.00, 0.42
160.50,588.00,1373.00, 0.43
161.00,600.00,1423.00, 0.42
161.50,533.00,1418.00, 0.38
162.00,558.00,1422.00, 0.39
162.50,623.00,1442.00, 0.43
163.00,605.00,1447.00, 0.42
163.50,573.00,1462.00, 0.39
164.00,611.00,1461.00, 0.42
164.50,554.00,1457.00, 0.38
165.00,650.00,1422.00, 0.46
165.50,628.00,1603.00, 0.39
166.00,609.00,1545.00, 0.39
166.50,608.00,1489.00, 0.41
167.00,654.00,1451.00, 0.45
167.50,644.00,1478.00, 0.44
168.00,656.00,1551.00, 0.42
168.50,673.00,1499.00, 0.45
169.00,692.00,1501.00, 0.46
169.50,658.00,1611.00, 0.41
170.00,672.00,1616.00, 0.42
170.50,649.00,1591.00, 0.41
171.00,688.00,1584.00, 0.43
171.50,702.00,1533.00, 0.46
172.00,749.00,1588.00, 0.47
172.50,723.00,1647.00, 0.44
173.00,703.00,1597.00, 0.44
173.50,771.00,1605.00, 0.48
174.00,714.00,1603.00, 0.45
174.50,772.00,1692.00, 0.46
175.00,810.00,1623.00, 0.50
175.50,733.00,1698.00, 0.43
176.00,746.00,1682.00, 0.44
176.50,792.00,1637.00, 0.48
177.00,804.00,1701.00, 0.47
177.50,825.00,1688.00, 0.49
178.00,830.00,1753.00, 0.47
178.50,791.00,1706.00, 0.46
179.00,812.00,1767.00, 0.46
179.50,864.00,1770.00, 0.49
180.00,889.00,1777.00, 0.50
180.50,885.00,1853.00, 0.48
181.00,924.00,1764.00, 0.52
181.50,902.00,1816.00, 0.50
182.00,952.00,1883.00, 0.51
182.50,930.00,1885.00, 0.49
183.00,893.00,2002.00, 0.45
183.50,944.00,1898.00, 0.50
184.00,969.00,1885.00, 0.51
184.50,956.00,2005.00, 0.48
185.00,966.00,1975.00, 0.49
185.50,986.00,1944.00, 0.51
186.00,987.00,1978.00, 0.50
186.50,987.00,2036.00, 0.48
187.00,1008.00,2005.00, 0.50
187.50,1019.00,1916.00, 0.53
188.00,976.00,2042.00, 0.48
188.50,1035.00,2036.00, 0.51
189.00,1070.00,2096.00, 0.51
189.50,1076.00,2127.00, 0.51
190.00,1074.00,2132.00, 0.50
190.50,1106.00,2186.00, 0.51
191.00,1076.00,2167.00, 0.50
191.50,1117.00,2108.00, 0.53
192.00,1167.00,2217.00, 0.53
192.50,1187.00,2268.00, 0.52
193.00,1205.00,2286.00, 0.53
193.50,1191.00,2194.00, 0.54
194.00,1214.00,2281.00, 0.53
194.50,1204.00,2321.00, 0.52
195.00,1256.00,2488.00, 0.50
195.50,1209.00,2415.00, 0.50
196.00,1316.00,2370.00, 0.56
196.50,1356.00,2428.00, 0.56
197.00,1352.00,2466.00, 0.55
197.50,1310.00,2474.00, 0.53
198.00,1360.00,2538.00, 0.54
198.50,1348.00,2448.00, 0.55
199.00,1419.00,2527.00, 0.56
199.50,1458.00,2558.00, 0.57
200.00,1412.00,2634.00, 0.54
200.50,1488.00,2725.00, 0.55
201.00,1477.00,2624.00, 0.56
201.50,1550.00,2699.00, 0.57
202.00,1475.00,2720.00, 0.54
202.50,1556.00,2640.00, 0.59
203.00,1552.00,2807.00, 0.55
203.50,1594.00,2697.00, 0.59
204.00,1580.00,2745.00, 0.58
204.50,1589.00,2734.00, 0.58
205.00,1653.00,2758.00, 0.60
205.50,1655.00,2876.00, 0.58
206.00,1613.00,2926.00, 0.55
206.50,1713.00,2922.00, 0.59
207.00,1702.00,3009.00, 0.57
207.50,1678.00,2975.00, 0.56
208.00,1767.00,2996.00, 0.59
208.50,1802.00,3065.00, 0.59
209.00,1755.00,3016.00, 0.58
209.50,1784.00,3098.00, 0.58
210.00,1803.00,3148.00, 0.57
210.50,1819.00,3125.00, 0.58
211.00,1791.00,3242.00, 0.55
211.50,1818.00,3227.00, 0.56
212.00,1861.00,3260.00, 0.57
212.50,1872.00,3148.00, 0.59
213.00,1906.00,3244.00, 0.59
213.50,2016.00,3209.00, 0.63
214.00,2055.00,3251.00, 0.63
214.50,2015.00,3265.00, 0.62
215.00,2138.00,3312.00, 0.65
215.50,2052.00,3337.00, 0.61
216.00,1958.00,3377.00, 0.58
216.50,2140.00,3504.00, 0.61
217.00,2094.00,3380.00, 0.62
217.50,2127.00,3443.00, 0.62
218.00,2094.00,3510.00, 0.60
218.50,2238.00,3509.00, 0.64
219.00,2133.00,3489.00, 0.61
219.50,2140.00,3548.00, 0.60
220.00,2163.00,3582.00, 0.60
220.50,2127.00,3549.00, 0.60
221.00,2284.00,3715.00, 0.61
221.50,2236.00,3723.00, 0.60
222.00,2221.00,3722.00, 0.60
222.50,2236.00,3714.00, 0.60
223.00,2352.00,3805.00, 0.62
223.50,2316.00,3709.00, 0.62
224.00,2394.00,3763.00, 0.64
224.50,2398.00,3863.00, 0.62
225.00,2368.00,3817.00, 0.62
225.50,2414.00,3876.00, 0.62
226.00,2381.00,3915.00, 0.61
226.50,2438.00,3855.00, 0.63
227.00,2473.00,3913.00, 0.63
227.50,2385.00,3852.00, 0.62
228.00,2420.00,3789.00, 0.64
228.50,2528.00,3899.00, 0.65
229.00,2532.00,3914.00, 0.65
229.50,2526.00,3919.00, 0.64
230.00,2552.00,4012.00, 0.64
230.50,2606.00,4022.00, 0.65
231.00,2609.00,4027.00, 0.65
231.50,2588.00,4081.00, 0.63
232.00,2629.00,4137.00, 0.64
232.50,2636.00,4061.00, 0.65
233.00,2590.00,4098.00, 0.63
233.50,2665.00,4198.00, 0.63
234.00,2578.00,4099.00, 0.63
234.50,2664.00,4183.00, 0.64
235.00,2648.00,4226.00, 0.63
235.50,2740.00,4117.00, 0.67
236.00,2681.00,4210.00, 0.64
236.50,2767.00,4304.00, 0.64
237.00,2711.00,4269.00, 0.64
237.50,2865.00,4305.00, 0.67
238.00,2736.00,4287.00, 0.64
238.50,2794.00,4402.00, 0.63
239.00,2791.00,4346.00, 0.64
239.50,2757.00,4370.00, 0.63
240.00,2898.00,4310.00, 0.67
240.50,2930.00,4317.00, 0.68
241.00,2859.00,4297.00, 0.67
241.50,2880.00,4338.00, 0.66
242.00,2819.00,4479.00, 0.63
242.50,3009.00,4438.00, 0.68
243.00,2881.00,4542.00, 0.63
243.50,2924.00,4550.00, 0.64
244.00,2912.00,4546.00, 0.64
244.50,2964.00,4539.00, 0.65
245.00,2960.00,4465.00, 0.66
245.50,2922.00,4608.00, 0.63
246.00,3085.00,4608.00, 0.67
246.50,3067.00,4628.00, 0.66
247.00,3019.00,4651.00, 0.65
247.50,2982.00,4619.00, 0.65
248.00,3126.00,4568.00, 0.68
248.50,3072.00,4655.00, 0.66
249.00,3074.00,4627.00, 0.66
249.50,3099.00,4714.00, 0.66
250.00,3116.00,4631.00, 0.67
250.50,3188.00,4449.00, 0.72
251.00,3184.00,4718.00, 0.67
251.50,3168.00,4704.00, 0.67
252.00,3158.00,4799.00, 0.66
252.50,3068.00,4777.00, 0.64
253.00,3234.00,4644.00, 0.70
253.50,3248.00,4720.00, 0.69
254.00,3153.00,4783.00, 0.66
254.50,3172.00,4808.00, 0.66
255.00,3102.00,4844.00, 0.64
255.50,3274.00,4913.00, 0.67
256.00,3150.00,4839.00, 0.65
256.50,3085.00,4827.00, 0.64
257.00,3295.00,4935.00, 0.67
257.50,3344.00,4812.00, 0.69
258.00,3344.00,4900.00, 0.68
258.50,3257.00,4972.00, 0.66
259.00,3340.00,4919.00, 0.68
259.50,3360.00,4869.00, 0.69
260.00,3261.00,4999.00, 0.65
260.50,3330.00,4845.00, 0.69
261.00,3348.00,5032.00, 0.67
261.50,3367.00,5090.00, 0.66
262.00,3258.00,5022.00, 0.65
262.50,3284.00,5036.00, 0.65
263.00,3295.00,4998.00, 0.66
263.50,3294.00,5044.00, 0.65
264.00,3315.00,5068.00, 0.65
264.50,3446.00,5065.00, 0.68
265.00,3440.00,5116.00, 0.67
265.50,3366.00,5041.00, 0.67
266.00,3418.00,5009.00, 0.68
266.50,3487.00,5109.00, 0.68
267.00,3449.00,5173.00, 0.67
267.50,3514.00,5184.00, 0.68
268.00,3399.00,5151.00, 0.66
268.50,3482.00,5171.00, 0.67
269.00,3567.00,5103.00, 0.70
269.50,3500.00,5216.00, 0.67
270.00,3475.00,5169.00, 0.67
270.50,3558.00,5196.00, 0.68
271.00,3567.00,5176.00, 0.69
271.50,3505.00,5348.00, 0.66
272.00,3523.00,5291.00, 0.67
272.50,3557.00,5176.00, 0.69
273.00,3549.00,5160.00, 0.69
273.50,3454.00,5353.00, 0.65
274.00,3594.00,5205.00, 0.69
274.50,3577.00,5381.00, 0.66
275.00,3618.00,5313.00, 0.68
275.50,3515.00,5329.00, 0.66
276.00,3628.00,5208.00, 0.70
276.50,3567.00,5325.00, 0.67
277.00,3567.00,5304.00, 0.67
277.50,3645.00,5299.00, 0.69
278.00,3541.00,5454.00, 0.65
278.50,3675.00,5442.00, 0.68
279.00,3606.00,5467.00, 0.66
279.50,3572.00,5371.00, 0.67
280.00,3696.00,5282.00, 0.70
280.50,3620.00,5324.00, 0.68
281.00,3558.00,5372.00, 0.66
281.50,3634.00,5396.00, 0.67
282.00,3714.00,5374.00, 0.69
282.50,3731.00,5396.00, 0.69
283.00,3664.00,5485.00, 0.67
283.50,3560.00,5400.00, 0.66
284.00,3730.00,5416.00, 0.69
284.50,3745.00,5462.00, 0.69
285.00,3627.00,5477.00, 0.66
285.50,3578.00,5648.00, 0.63
286.00,3676.00,5523.00, 0.67
286.50,3706.00,5456.00, 0.68
287.00,3743.00,5602.00, 0.67
287.50,3696.00,5461.00, 0.68
288.00,3817.00,5453.00, 0.70
288.50,3711.00,5554.00, 0.67
289.00,3736.00,5467.00, 0.68
289.50,3833.00,5470.00, 0.70
290.00,3707.00,5541.00, 0.67
290.50,3796.00,5604.00, 0.68
291.00,3739.00,5499.00, 0.68
291.50,3729.00,5507.00, 0.68
292.00,3745.00,5605.00, 0.67
292.50,3743.00,5507.00, 0.68
293.00,3704.00,5612.00, 0.66
293.50,3723.00,5583.00, 0.67
294.00,3803.00,5636.00, 0.67
294.50,3824.00,5724.00, 0.67
295.00,3977.00,5624.00, 0.71
295.50,3785.00,5512.00, 0.69
296.00,3749.00,5761.00, 0.65
296.50,3774.00,5561.00, 0.68
297.00,3747.00,5544.00, 0.68
297.50,3786.00,5758.00, 0.66
298.00,3879.00,5743.00, 0.68
298.50,3738.00,5735.00, 0.65
299.00,3814.00,5683.00, 0.67
299.50,3784.00,5665.00, 0.67
300.00,3781.00,5742.00, 0.66
300.50,3760.00,5506.00, 0.68
301.00,3785.00,5756.00, 0.66
301.50,3743.00,5695.00, 0.66
302.00,3823.00,5804.00, 0.66
302.50,3729.00,5665.00, 0.66
303.00,3785.00,5677.00, 0.67
303.50,3896.00,5664.00, 0.69
304.00,3764.00,5774.00, 0.65
304.50,3826.00,5640.00, 0.68
305.00,3912.00,5722.00, 0.68
305.50,3991.00,5628.00, 0.71
306.00,3977.00,5646.00, 0.70
306.50,3961.00,5818.00, 0.68
307.00,3921.00,5716.00, 0.69
307.50,3846.00,5771.00, 0.67
308.00,3930.00,5660.00, 0.69
308.50,3892.00,5775.00, 0.67
309.00,3930.00,5843.00, 0.67
309.50,3867.00,5753.00, 0.67
310.00,3954.00,5725.00, 0.69
310.50,4027.00,5664.00, 0.71
311.00,3873.00,5691.00, 0.68
311.50,3915.00,5733.00, 0.68
312.00,3818.00,5831.00, 0.65
312.50,3932.00,5872.00, 0.67
313.00,3860.00,5912.00, 0.65
313.50,3963.00,5749.00, 0.69
314.00,3949.00,5793.00, 0.68
314.50,3817.00,5916.00, 0.65
315.00,3793.00,5720.00, 0.66
315.50,3928.00,5837.00, 0.67
316.00,3958.00,5760.00, 0.69
316.50,3928.00,5886.00, 0.67
317.00,3880.00,5743.00, 0.68
317.50,3892.00,5666.00, 0.69
318.00,3898.00,5826.00, 0.67
318.50,3988.00,5937.00, 0.67
319.00,4103.00,5696.00, 0.72
319.50,3924.00,5745.00, 0.68
320.00,3916.00,5884.00, 0.67
320.50,3936.00,5748.00, 0.68
321.00,4103.00,5722.00, 0.72
321.50,4043.00,5925.00, 0.68
322.00,4049.00,5874.00, 0.69
322.50,3889.00,5893.00, 0.66
323.00,3876.00,5897.00, 0.66
323.50,3924.00,5793.00, 0.68
324.00,3918.00,5933.00, 0.66
324.50,3952.00,6019.00, 0.66
325.00,3974.00,5811.00, 0.68
325.50,3941.00,5758.00, 0.68
326.00,4017.00,5767.00, 0.70
326.50,3970.00,5789.00, 0.69
327.00,3989.00,5843.00, 0.68
327.50,3970.00,5826.00, 0.68
328.00,3973.00,5845.00, 0.68
328.50,4072.00,5849.00, 0.70
329.00,3957.00,5844.00, 0.68
329.50,3997.00,5798.00, 0.69
330.00,3999.00,5918.00, 0.68
330.50,4015.00,5876.00, 0.68
331.00,3938.00,5884.00, 0.67
331.50,3917.00,5964.00, 0.66
332.00,3928.00,5883.00, 0.67
332.50,3925.00,5901.00, 0.67
333.00,4039.00,5783.00, 0.70
333.50,3967.00,5903.00, 0.67
334.00,3979.00,5751.00, 0.69
334.50,4160.00,5961.00, 0.70
335.00,4004.00,5871.00, 0.68
335.50,3991.00,5904.00, 0.68
336.00,3986.00,5832.00, 0.68
336.50,3975.00,5940.00, 0.67
337.00,3992.00,5972.00, 0.67
337.50,4059.00,5971.00, 0.68
338.00,3910.00,5957.00, 0.66
338.50,4031.00,5770.00, 0.70
339.00,3882.00,5977.00, 0.65
339.50,4039.00,5896.00, 0.69
340.00,4000.00,5947.00, 0.67
340.50,3961.00,5964.00, 0.66
341.00,4116.00,5886.00, 0.70
341.50,4019.00,5914.00, 0.68
342.00,3958.00,5994.00, 0.66
342.50,4105.00,5968.00, 0.69
343.00,4123.00,5950.00, 0.69
343.50,4065.00,5981.00, 0.68
344.00,4140.00,6125.00, 0.68
344.50,4039.00,5990.00, 0.67
345.00,3963.00,5934.00, 0.67
345.50,3985.00,6004.00, 0.66
346.00,3998.00,5908.00, 0.68
346.50,4026.00,5888.00, 0.68
347.00,4039.00,5937.00, 0.68
347.50,4141.00,6047.00, 0.68
348.00,3963.00,5971.00, 0.66
348.50,4023.00,5908.00, 0.68
349.00,4082.00,5983.00, 0.68
349.50,4047.00,5947.00, 0.68
350.00,4017.00,5990.00, 0.67
350.50,4044.00,5938.00, 0.68
351.00,4107.00,5895.00, 0.70
351.50,3990.00,6043.00, 0.66
352.00,3990.00,5992.00, 0.67
352.50,4023.00,5922.00, 0.68
353.00,4064.00,5971.00, 0.68
353.50,3977.00,5878.00, 0.68
354.00,4159.00,6091.00, 0.68
354.50,4040.00,5930.00, 0.68
355.00,4099.00,6041.00, 0.68
355.50,3953.00,6061.00, 0.65
356.00,4114.00,5899.00, 0.70
356.50,4047.00,6149.00, 0.66
357.00,3945.00,6174.00, 0.64
357.50,4097.00,5955.00, 0.69
358.00,4013.00,6008.00, 0.67
358.50,3984.00,5995.00, 0.66
359.00,4029.00,6026.00, 0.67
359.50,4011.00,5996.00, 0.67
360.00,4104.00,5987.00, 0.69
360.50,4100.00,6111.00, 0.67
361.00,3988.00,5972.00, 0.67
361.50,4040.00,6025.00, 0.67
362.00,4035.00,6053.00, 0.67
362.50,4002.00,5920.00, 0.68
363.00,4057.00,6167.00, 0.66
363.50,4045.00,6122.00, 0.66
364.00,4106.00,5980.00, 0.69
364.50,4145.00,6083.00, 0.68
365.00,4043.00,6010.00, 0.67
365.50,4096.00,6039.00, 0.68
366.00,4131.00,6085.00, 0.68
366.50,3956.00,6105.00, 0.65
367.00,4008.00,6033.00, 0.66
367.50,4094.00,6246.00, 0.66
368.00,4075.00,6155.00, 0.66
368.50,4063.00,5899.00, 0.69
369.00,4123.00,5959.00, 0.69
369.50,4148.00,5928.00, 0.70
370.00,4017.00,5958.00, 0.67
370.50,4091.00,6046.00, 0.68
371.00,4069.00,5962.00, 0.68
371.50,4141.00,6049.00, 0.68
372.00,4182.00,6063.00, 0.69
372.50,4053.00,5985.00, 0.68
373.00,4078.00,6125.00, 0.67
373.50,4042.00,6059.00, 0.67
374.00,4055.00,6092.00, 0.67
374.50,4066.00,6009.00, 0.68
375.00,4019.00,6087.00, 0.66
375.50,4029.00,6014.00, 0.67
376.00,4042.00,6099.00, 0.66
376.50,4094.00,6079.00, 0.67
377.00,4030.00,6069.00, 0.66
377.50,4069.00,5986.00, 0.68
378.00,4117.00,6154.00, 0.67
378.50,4108.00,6024.00, 0.68
379.00,4031.00,5958.00, 0.68
379.50,4101.00,6137.00, 0.67
380.00,4011.00,6107.00, 0.66
380.50,4140.00,6006.00, 0.69
381.00,4163.00,5895.00, 0.71
381.50,4111.00,5975.00, 0.69
382.00,4120.00,5880.00, 0.70
382.50,4151.00,6246.00, 0.66
383.00,4136.00,6052.00, 0.68
383.50,4111.00,6014.00, 0.68
384.00,4013.00,5949.00, 0.67
384.50,3881.00,6143.00, 0.63
385.00,4050.00,5829.00, 0.69
385.50,3986.00,5887.00, 0.68
386.00,3992.00,5999.00, 0.67
386.50,3998.00,5915.00, 0.68
387.00,4129.00,5874.00, 0.70
387.50,4052.00,6005.00, 0.67
388.00,4038.00,6033.00, 0.67
388.50,3996.00,5986.00, 0.67
389.00,4146.00,5811.00, 0.71
389.50,4144.00,6163.00, 0.67
390.00,4092.00,6035.00, 0.68
390.50,4100.00,5966.00, 0.69
391.00,4071.00,6156.00, 0.66
391.50,4136.00,5989.00, 0.69
392.00,4070.00,6046.00, 0.67
392.50,3987.00,5818.00, 0.69
393.00,3979.00,6244.00, 0.64
393.50,3974.00,5977.00, 0.66
394.00,4032.00,5979.00, 0.67
394.50,3958.00,5895.00, 0.67
395.00,4071.00,5997.00, 0.68
395.50,3861.00,5970.00, 0.65
396.00,4027.00,6154.00, 0.65
396.50,4089.00,5911.00, 0.69
397.00,4094.00,5960.00, 0.69
397.50,4004.00,6018.00, 0.67
398.00,4005.00,5962.00, 0.67
398.50,4055.00,5953.00, 0.68
399.00,4064.00,5968.00, 0.68
399.50,4106.00,6062.00, 0.68
400.00,4084.00,6059.00, 0.67
400.50,4017.00,6076.00, 0.66
401.00,4068.00,6022.00, 0.68
401.50,4095.00,5945.00, 0.69
402.00,4092.00,5983.00, 0.68
402.50,3980.00,5968.00, 0.67
403.00,4085.00,5866.00, 0.70
403.50,4056.00,5978.00, 0.68
404.00,4097.00,6110.00, 0.67
404.50,4130.00,6112.00, 0.68
405.00,4114.00,6059.00, 0.68
405.50,4099.00,5973.00, 0.69
406.00,3974.00,6038.00, 0.66
406.50,4091.00,5956.00, 0.69
407.00,4191.00,5914.00, 0.71
407.50,4038.00,5923.00, 0.68
408.00,4116.00,6174.00, 0.67
408.50,4064.00,5969.00, 0.68
409.00,4062.00,6194.00, 0.66
409.50,4056.00,5986.00, 0.68
410.00,4020.00,6108.00, 0.66
410.50,3971.00,6122.00, 0.65
411.00,4064.00,6188.00, 0.66
411.50,4167.00,6101.00, 0.68
412.00,4161.00,6156.00, 0.68
412.50,4118.00,6035.00, 0.68
413.00,4152.00,6048.00, 0.69
413.50,4116.00,6219.00, 0.66
414.00,4064.00,6003.00, 0.68
414.50,4086.00,6193.00, 0.66
415.00,4172.00,6206.00, 0.67
415.50,4165.00,6234.00, 0.67
416.00,4101.00,6163.00, 0.67
416.50,4103.00,6142.00, 0.67
417.00,4054.00,6241.00, 0.65
417.50,4119.00,6162.00, 0.67
418.00,4003.00,6081.00, 0.66
418.50,4094.00,6108.00, 0.67
419.00,4109.00,6164.00, 0.67
419.50,4113.00,6063.00, 0.68
420.00,3981.00,6221.00, 0.64
420.50,4017.00,6069.00, 0.66
421.00,4057.00,6156.00, 0.66
421.50,4040.00,6265.00, 0.64
422.00,4037.00,6173.00, 0.65
422.50,4120.00,6229.00, 0.66
423.00,4195.00,6172.00, 0.68
423.50,4012.00,6151.00, 0.65
424.00,4040.00,6218.00, 0.65
424.50,4016.00,6165.00, 0.65
425.00,4110.00,6161.00, 0.67
425.50,4236.00,6224.00, 0.68
426.00,4119.00,6122.00, 0.67
426.50,4222.00,6196.00, 0.68
427.00,4107.00,6233.00, 0.66
427.50,4255.00,6102.00, 0.70
428.00,4147.00,6148.00, 0.67
428.50,4156.00,6261.00, 0.66
429.00,4189.00,6315.00, 0.66
429.50,4160.00,6081.00, 0.68
430.00,4225.00,6382.00, 0.66
430.50,4120.00,6187.00, 0.67
431.00,4098.00,6164.00, 0.66
431.50,4241.00,6280.00, 0.68
432.00,4058.00,6185.00, 0.66
432.50,4117.00,6189.00, 0.67
433.00,4202.00,6154.00, 0.68
433.50,4092.00,6176.00, 0.66
434.00,4231.00,6013.00, 0.70
434.50,4171.00,6058.00, 0.69
435.00,4154.00,6178.00, 0.67
435.50,4101.00,6230.00, 0.66
436.00,4066.00,6185.00, 0.66
436.50,4136.00,6197.00, 0.67
437.00,4187.00,6210.00, 0.67
437.50,4150.00,6269.00, 0.66
438.00,4210.00,6227.00, 0.68
438.50,4014.00,6246.00, 0.64
439.00,4148.00,6249.00, 0.66
439.50,4118.00,6223.00, 0.66
440.00,4063.00,6173.00, 0.66
440.50,4185.00,6265.00, 0.67
441.00,4210.00,6136.00, 0.69
441.50,4141.00,6247.00, 0.66
442.00,4118.00,6242.00, 0.66
442.50,4155.00,6266.00, 0.66
443.00,4149.00,6434.00, 0.64
443.50,4202.00,6023.00, 0.70
444.00,4211.00,6184.00, 0.68
444.50,4101.00,6192.00, 0.66
445.00,4157.00,6134.00, 0.68
445.50,3998.00,6111.00, 0.65
446.00,4019.00,6228.00, 0.65
446.50,4069.00,6138.00, 0.66
447.00,4057.00,6293.00, 0.64
447.50,4201.00,5963.00, 0.70
448.00,4006.00,6323.00, 0.63
448.50,4067.00,5979.00, 0.68
449.00,4056.00,6296.00, 0.64
449.50,4090.00,6152.00, 0.66
450.00,4079.00,6205.00, 0.66
450.50,4178.00,6179.00, 0.68
451.00,4130.00,6121.00, 0.67
451.50,4059.00,6133.00, 0.66
452.00,4122.00,6143.00, 0.67
452.50,4156.00,6157.00, 0.68
453.00,4070.00,6209.00, 0.66
453.50,4164.00,6253.00, 0.67
454.00,4164.00,6168.00, 0.68
454.50,4268.00,6236.00, 0.68
455.00,4066.00,6257.00, 0.65
455.50,4111.00,6201.00, 0.66
456.00,4047.00,6109.00, 0.66
456.50,4060.00,6170.00, 0.66
457.00,4139.00,6204.00, 0.67
457.50,4121.00,6238.00, 0.66
458.00,4161.00,5993.00, 0.69
458.50,4198.00,6247.00, 0.67
459.00,4105.00,6175.00, 0.66
459.50,4106.00,6097.00, 0.67
460.00,4132.00,6167.00, 0.67
460.50,4041.00,6146.00, 0.66
461.00,4129.00,6310.00, 0.65
461.50,4053.00,6138.00, 0.66
462.00,4073.00,6112.00, 0.67
462.50,4173.00,6160.00, 0.68
463.00,4042.00,6139.00, 0.66
463.50,4053.00,6091.00, 0.67
464.00,3998.00,6034.00, 0.66
464.50,4069.00,6177.00, 0.66
465.00,4056.00,6127.00, 0.66
465.50,4086.00,6126.00, 0.67
466.00,4168.00,5960.00, 0.70
466.50,4076.00,6250.00, 0.65
467.00,4071.00,6017.00, 0.68
467.50,4018.00,6030.00, 0.67
468.00,4167.00,6209.00, 0.67
468.50,4095.00,6083.00, 0.67
469.00,3966.00,6186.00, 0.64
469.50,4087.00,6087.00, 0.67
470.00,3949.00,6069.00, 0.65
470.50,4096.00,6089.00, 0.67
471.00,4045.00,6175.00, 0.66
471.50,4075.00,6032.00, 0.68
472.00,4071.00,6024.00, 0.68
472.50,4115.00,6141.00, 0.67
473.00,4162.00,6250.00, 0.67
473.50,3980.00,6127.00, 0.65
474.00,4035.00,6027.00, 0.67
474.50,4115.00,6034.00, 0.68
475.00,4103.00,6175.00, 0.66
475.50,4139.00,6045.00, 0.68
476.00,4031.00,6090.00, 0.66
476.50,4060.00,6121.00, 0.66
477.00,4046.00,6005.00, 0.67
477.50,4019.00,6209.00, 0.65
478.00,3986.00,6138.00, 0.65
478.50,4091.00,6117.00, 0.67
479.00,4061.00,6023.00, 0.67
479.50,4032.00,6164.00, 0.65
480.00,4081.00,6170.00, 0.66
480.50,4097.00,6082.00, 0.67
481.00,4078.00,6031.00, 0.68
481.50,3947.00,6025.00, 0.66
482.00,4026.00,6207.00, 0.65
482.50,3911.00,6072.00, 0.64
483.00,3960.00,6133.00, 0.65
483.50,4014.00,6019.00, 0.67
484.00,4048.00,6081.00, 0.67
484.50,4111.00,6102.00, 0.67
485.00,4130.00,6128.00, 0.67
485.50,3994.00,6129.00, 0.65
486.00,4019.00,6009.00, 0.67
486.50,3978.00,6066.00, 0.66
487.00,3977.00,5979.00, 0.67
487.50,4084.00,6033.00, 0.68
488.00,3992.00,6160.00, 0.65
488.50,4144.00,6090.00, 0.68
489.00,4142.00,5946.00, 0.70
489.50,4006.00,6063.00, 0.66
490.00,4033.00,6124.00, 0.66
490.50,4028.00,6182.00, 0.65
491.00,4015.00,6167.00, 0.65
491.50,3994.00,6162.00, 0.65
492.00,4004.00,6082.00, 0.66
492.50,4110.00,6053.00, 0.68
493.00,4051.00,6182.00, 0.66
493.50,4090.00,6062.00, 0.67
494.00,3989.00,6034.00, 0.66
494.50,4044.00,6015.00, 0.67
495.00,3934.00,6014.00, 0.65
495.50,3946.00,6140.00, 0.64
496.00,3991.00,6056.00, 0.66
496.50,4004.00,5921.00, 0.68
497.00,4065.00,6186.00, 0.66
497.50,4007.00,6115.00, 0.66
498.00,4019.00,6108.00, 0.66
498.50,3971.00,5950.00, 0.67
499.00,4106.00,5964.00, 0.69
499.50,3947.00,6089.00, 0.65
500.00,3925.00,5885.00, 0.67
500.50,4007.00,6049.00, 0.66
501.00,4027.00,5999.00, 0.67
501.50,3980.00,5984.00, 0.67
502.00,4031.00,6209.00, 0.65
502.50,4028.00,6096.00, 0.66
503.00,3978.00,6164.00, 0.65
503.50,3974.00,6037.00, 0.66
504.00,3946.00,6047.00, 0.65
504.50,4087.00,6146.00, 0.66
505.00,4007.00,6077.00, 0.66
505.50,3944.00,6206.00, 0.64
506.00,4054.00,5961.00, 0.68
506.50,3878.00,6107.00, 0.64
507.00,4006.00,6180.00, 0.65
507.50,3945.00,6145.00, 0.64
508.00,4020.00,6023.00, 0.67
508.50,4019.00,6017.00, 0.67
509.00,3984.00,5999.00, 0.66
509.50,4095.00,5974.00, 0.69
510.00,4020.00,6023.00, 0.67
510.50,3947.00,6034.00, 0.65
511.00,3873.00,6036.00, 0.64
511.50,4001.00,6144.00, 0.65
512.00,3993.00,6002.00, 0.67
512.50,3978.00,5989.00, 0.66
513.00,3847.00,5983.00, 0.64
513.50,3941.00,6192.00, 0.64
514.00,4002.00,5969.00, 0.67
514.50,3965.00,6027.00, 0.66
515.00,3926.00,6018.00, 0.65
515.50,3822.00,6065.00, 0.63
516.00,4082.00,5863.00, 0.70
516.50,3978.00,6053.00, 0.66
517.00,3999.00,6000.00, 0.67
517.50,3872.00,5933.00, 0.65
518.00,4043.00,6053.00, 0.67
518.50,3963.00,6010.00, 0.66
519.00,3953.00,6088.00, 0.65
519.50,3878.00,5946.00, 0.65
520.00,4010.00,5916.00, 0.68
520.50,3979.00,5998.00, 0.66
521.00,4103.00,6059.00, 0.68
521.50,4072.00,5963.00, 0.68
522.00,4039.00,6124.00, 0.66
522.50,4017.00,6216.00, 0.65
523.00,3892.00,6105.00, 0.64
523.50,3928.00,6097.00, 0.64
524.00,3974.00,5968.00, 0.67
524.50,4056.00,5928.00, 0.68
525.00,3976.00,6226.00, 0.64
525.50,3965.00,6069.00, 0.65
526.00,3980.00,5988.00, 0.66
526.50,4016.00,6003.00, 0.67
527.00,3956.00,6171.00, 0.64
527.50,3990.00,5868.00, 0.68
528.00,3965.00,6131.00, 0.65
528.50,4062.00,5978.00, 0.68
529.00,3942.00,6082.00, 0.65
529.50,3930.00,6002.00, 0.65
530.00,4071.00,6049.00, 0.67
530.50,3930.00,6053.00, 0.65
531.00,3948.00,6024.00, 0.66
531.50,3965.00,6024.00, 0.66
532.00,4073.00,5903.00, 0.69
532.50,3816.00,6087.00, 0.63
533.00,4063.00,6001.00, 0.68
533.50,4065.00,5995.00, 0.68
534.00,3923.00,5996.00, 0.65
534.50,3949.00,6216.00, 0.64
535.00,3928.00,6073.00, 0.65
535.50,4023.00,6060.00, 0.66
536.00,3892.00,6188.00, 0.63
536.50,4009.00,6125.00, 0.65
537.00,3899.00,6030.00, 0.65
537.50,3947.00,5990.00, 0.66
538.00,3911.00,6000.00, 0.65
538.50,3979.00,6088.00, 0.65
539.00,3906.00,5910.00, 0.66
539.50,3909.00,6057.00, 0.65
540.00,3969.00,6026.00, 0.66
540.50,3983.00,6108.00, 0.65
541.00,3964.00,6054.00, 0.65
541.50,3989.00,6076.00, 0.66
542.00,4024.00,6081.00, 0.66
542.50,3950.00,6082.00, 0.65
543.00,3968.00,6062.00, 0.65
543.50,3893.00,6029.00, 0.65
544.00,3990.00,6001.00, 0.66
544.50,3846.00,6146.00, 0.63
545.00,3947.00,6009.00, 0.66
545.50,4031.00,6047.00, 0.67
546.00,3953.00,6071.00, 0.65
546.50,4069.00,6066.00, 0.67
547.00,3967.00,5992.00, 0.66
547.50,3829.00,6016.00, 0.64
548.00,3990.00,5886.00, 0.68
548.50,3886.00,6153.00, 0.63
549.00,3902.00,6102.00, 0.64
549.50,3835.00,6101.00, 0.63
550.00,3885.00,6201.00, 0.63
550.50,3987.00,6140.00, 0.65
551.00,3880.00,6244.00, 0.62
551.50,3862.00,6265.00, 0.62
552.00,3922.00,6077.00, 0.65
552.50,3887.00,6072.00, 0.64
553.00,3931.00,6104.00, 0.64
553.50,3851.00,5980.00, 0.64
554.00,3897.00,6129.00, 0.64
554.50,3890.00,5932.00, 0.66
555.00,3897.00,6085.00, 0.64
555.50,3903.00,6114.00, 0.64
556.00,3797.00,6124.00, 0.62
556.50,3958.00,6097.00, 0.65
557.00,3816.00,6091.00, 0.63
557.50,3923.00,6093.00, 0.64
558.00,3948.00,6198.00, 0.64
558.50,3875.00,6025.00, 0.64
559.00,3852.00,5948.00, 0.65
559.50,4067.00,6035.00, 0.67
560.00,3856.00,6064.00, 0.64
560.50,3872.00,5983.00, 0.65
561.00,3913.00,6066.00, 0.65
561.50,4025.00,6072.00, 0.66
562.00,3940.00,6035.00, 0.65
562.50,3967.00,6098.00, 0.65
563.00,3885.00,6197.00, 0.63
563.50,3892.00,6109.00, 0.64
564.00,3934.00,6089.00, 0.65
564.50,3934.00,6126.00, 0.64
565.00,3927.00,6106.00, 0.64
565.50,3995.00,6122.00, 0.65
566.00,3887.00,6075.00, 0.64
566.50,3934.00,6172.00, 0.64
567.00,3935.00,6039.00, 0.65
567.50,3960.00,6159.00, 0.64
568.00,4050.00,6157.00, 0.66
568.50,3920.00,6206.00, 0.63
569.00,3879.00,6131.00, 0.63
569.50,3935.00,6186.00, 0.64
570.00,3899.00,6005.00, 0.65
570.50,3887.00,5906.00, 0.66
571.00,3860.00,6123.00, 0.63
571.50,3878.00,6146.00, 0.63
572.00,3901.00,6045.00, 0.65
572.50,4031.00,6121.00, 0.66
573.00,3866.00,6192.00, 0.62
573.50,4001.00,6020.00, 0.66
574.00,3965.00,6005.00, 0.66
574.50,3946.00,6144.00, 0.64
575.00,3923.00,6092.00, 0.64
575.50,3876.00,6118.00, 0.63
576.00,3856.00,6053.00, 0.64
576.50,3802.00,6061.00, 0.63
577.00,3871.00,6121.00, 0.63
577.50,3902.00,6121.00, 0.64
578.00,3857.00,6129.00, 0.63
578.50,3932.00,5935.00, 0.66
579.00,3908.00,6109.00, 0.64
579.50,3860.00,6022.00, 0.64
580.00,3847.00,6090.00, 0.63
580.50,3986.00,6240.00, 0.64
581.00,3924.00,6025.00, 0.65
581.50,3985.00,6179.00, 0.64
582.00,3927.00,5988.00, 0.66
582.50,3883.00,6068.00, 0.64
583.00,3939.00,6145.00, 0.64
583.50,3941.00,6075.00, 0.65
584.00,3966.00,6000.00, 0.66
584.50,3716.00,6147.00, 0.60
585.00,4002.00,6140.00, 0.65
585.50,3783.00,5976.00, 0.63
586.00,3856.00,6210.00, 0.62
586.50,3896.00,6153.00, 0.63
587.00,3812.00,6140.00, 0.62
587.50,3841.00,6170.00, 0.62
588.00,4021.00,6050.00, 0.66
588.50,3835.00,6086.00, 0.63
589.00,3970.00,6064.00, 0.65
589.50,3788.00,6032.00, 0.63
590.00,3783.00,6114.00, 0.62
590.50,3925.00,6128.00, 0.64
591.00,3923.00,6033.00, 0.65
591.50,3833.00,6113.00, 0.63
592.00,3842.00,6093.00, 0.63
592.50,3938.00,6049.00, 0.65
593.00,3906.00,6175.00, 0.63
593.50,4008.00,6152.00, 0.65
594.00,3943.00,6003.00, 0.66
594.50,3811.00,5995.00, 0.64
595.00,3872.00,6280.00, 0.62
595.50,3945.00,6018.00, 0.66
596.00,3904.00,6089.00, 0.64
596.50,3805.00,6177.00, 0.62
597.00,3847.00,6021.00, 0.64
597.50,3913.00,6170.00, 0.63
598.00,3926.00,6102.00, 0.64
598.50,3981.00,6097.00, 0.65
599.00,3998.00,6049.00, 0.66
599.50,3905.00,6185.00, 0.63
600.00,3939.00,6148.00, 0.64
