Date/Time,26_08_19,13:19,
Operator,Felix Weihs,,
Consignment Number,,,
Sample Type,Other,,
Protocol,Sample,,
Temperature,37.2,,
Results,,,
Time,Green,Blue,Ratio
 0.50,348.00,366.00, 0.95
 1.00,981.00,965.00, 1.02
 1.50,952.00,953.00, 1.00
 2.00,1018.00,1054.00, 0.97
 2.50,1014.00,1023.00, 0.99
 3.00,1002.00,1109.00, 0.90
 3.50,1067.00,1114.00, 0.96
 4.00,1035.00,1234.00, 0.84
 4.50,1087.00,1282.00, 0.85
 5.00,1112.00,1336.00, 0.83
 5.50,1033.00,1247.00, 0.83
 6.00,1057.00,1292.00, 0.82
 6.50,1104.00,1342.00, 0.82
 7.00,1165.00,1291.00, 0.90
 7.50,1161.00,1326.00, 0.88
 8.00,1179.00,1309.00, 0.90
 8.50,1163.00,1342.00, 0.87
 9.00,1176.00,1379.00, 0.85
 9.50,1178.00,1375.00, 0.86
10.00,1070.00,1395.00, 0.77
10.50,1143.00,1352.00, 0.85
11.00,1112.00,1373.00, 0.81
11.50,1114.00,1336.00, 0.83
12.00,1172.00,1352.00, 0.87
12.50,1139.00,1424.00, 0.80
13.00,1137.00,1305.00, 0.87
13.50,1137.00,1366.00, 0.83
14.00,1123.00,1295.00, 0.87
14.50,1125.00,1308.00, 0.86
15.00,1081.00,1388.00, 0.78
15.50,1100.00,1332.00, 0.83
16.00,1125.00,1325.00, 0.85
16.50,1114.00,1366.00, 0.82
17.00,1103.00,1249.00, 0.88
17.50,1076.00,1344.00, 0.80
18.00,1036.00,1312.00, 0.79
18.50,1021.00,1378.00, 0.74
19.00,1040.00,1290.00, 0.81
19.50,1047.00,1302.00, 0.80
20.00,1006.00,1275.00, 0.79
20.50,1081.00,1266.00, 0.85
21.00,1069.00,1213.00, 0.88
21.50,1034.00,1277.00, 0.81
22.00,1037.00,1251.00, 0.83
22.50,1024.00,1244.00, 0.82
23.00,1025.00,1215.00, 0.84
23.50,1021.00,1185.00, 0.86
24.00,988.00,1171.00, 0.84
24.50,937.00,1145.00, 0.82
25.00,1001.00,1217.00, 0.82
25.50,954.00,1157.00, 0.82
26.00,920.00,1216.00, 0.76
26.50,972.00,1156.00, 0.84
27.00,969.00,1165.00, 0.83
27.50,949.00,1140.00, 0.83
28.00,928.00,1133.00, 0.82
28.50,909.00,1146.00, 0.79
29.00,936.00,1165.00, 0.80
29.50,898.00,1139.00, 0.79
30.00,903.00,1111.00, 0.81
30.50,946.00,1061.00, 0.89
31.00,920.00,1140.00, 0.81
31.50,889.00,1065.00, 0.83
32.00,899.00,1076.00, 0.84
32.50,864.00,1103.00, 0.78
33.00,889.00,1097.00, 0.81
33.50,855.00,1036.00, 0.83
34.00,817.00,1039.00, 0.79
34.50,877.00,1072.00, 0.82
35.00,865.00,1029.00, 0.84
35.50,858.00,1016.00, 0.84
36.00,808.00,997.00, 0.81
36.50,837.00,1010.00, 0.83
37.00,822.00,1077.00, 0.76
37.50,853.00,1021.00, 0.84
38.00,840.00,1080.00, 0.78
38.50,844.00,1018.00, 0.83
39.00,834.00,1052.00, 0.79
39.50,860.00,1014.00, 0.85
40.00,827.00,993.00, 0.83
40.50,718.00,1016.00, 0.71
41.00,850.00,998.00, 0.85
41.50,773.00,967.00, 0.80
42.00,750.00,1007.00, 0.74
42.50,758.00,971.00, 0.78
43.00,770.00,942.00, 0.82
43.50,796.00,976.00, 0.82
44.00,757.00,989.00, 0.77
44.50,754.00,919.00, 0.82
45.00,804.00,1002.00, 0.80
45.50,746.00,929.00, 0.80
46.00,741.00,957.00, 0.77
46.50,746.00,901.00, 0.83
47.00,767.00,918.00, 0.84
47.50,714.00,893.00, 0.80
48.00,720.00,921.00, 0.78
48.50,729.00,954.00, 0.76
49.00,705.00,916.00, 0.77
49.50,741.00,914.00, 0.81
50.00,743.00,910.00, 0.82
50.50,706.00,912.00, 0.77
51.00,688.00,894.00, 0.77
51.50,700.00,897.00, 0.78
52.00,726.00,875.00, 0.83
52.50,730.00,855.00, 0.85
53.00,752.00,877.00, 0.86
53.50,788.00,883.00, 0.89
54.00,718.00,850.00, 0.84
54.50,778.00,878.00, 0.89
55.00,683.00,820.00, 0.83
55.50,700.00,892.00, 0.78
56.00,715.00,930.00, 0.77
56.50,682.00,909.00, 0.75
57.00,692.00,821.00, 0.84
57.50,654.00,830.00, 0.79
58.00,661.00,863.00, 0.77
58.50,703.00,889.00, 0.79
59.00,704.00,860.00, 0.82
59.50,693.00,834.00, 0.83
60.00,680.00,850.00, 0.80
60.50,653.00,870.00, 0.75
61.00,622.00,833.00, 0.75
61.50,726.00,855.00, 0.85
62.00,683.00,818.00, 0.83
62.50,686.00,818.00, 0.84
63.00,675.00,812.00, 0.83
63.50,703.00,796.00, 0.88
64.00,659.00,813.00, 0.81
64.50,662.00,829.00, 0.80
65.00,669.00,800.00, 0.84
65.50,633.00,802.00, 0.79
66.00,602.00,814.00, 0.74
66.50,675.00,813.00, 0.83
67.00,614.00,852.00, 0.72
67.50,653.00,825.00, 0.79
68.00,614.00,813.00, 0.76
68.50,659.00,819.00, 0.80
69.00,637.00,762.00, 0.84
69.50,629.00,794.00, 0.79
70.00,683.00,808.00, 0.85
70.50,620.00,791.00, 0.78
71.00,646.00,802.00, 0.81
71.50,620.00,826.00, 0.75
72.00,655.00,762.00, 0.86
72.50,630.00,791.00, 0.80
73.00,641.00,762.00, 0.84
73.50,670.00,778.00, 0.86
74.00,646.00,759.00, 0.85
74.50,610.00,737.00, 0.83
75.00,623.00,751.00, 0.83
75.50,661.00,751.00, 0.88
76.00,628.00,725.00, 0.87
76.50,610.00,774.00, 0.79
77.00,625.00,744.00, 0.84
77.50,611.00,697.00, 0.88
78.00,625.00,714.00, 0.88
78.50,598.00,759.00, 0.79
79.00,633.00,721.00, 0.88
79.50,582.00,725.00, 0.80
80.00,578.00,771.00, 0.75
80.50,592.00,738.00, 0.80
81.00,613.00,757.00, 0.81
81.50,603.00,804.00, 0.75
82.00,666.00,736.00, 0.90
82.50,601.00,764.00, 0.79
83.00,645.00,799.00, 0.81
83.50,597.00,794.00, 0.75
84.00,588.00,760.00, 0.77
84.50,562.00,791.00, 0.71
85.00,596.00,716.00, 0.83
85.50,568.00,696.00, 0.82
86.00,577.00,734.00, 0.79
86.50,575.00,765.00, 0.75
87.00,566.00,734.00, 0.77
87.50,566.00,744.00, 0.76
88.00,593.00,693.00, 0.86
88.50,610.00,749.00, 0.81
89.00,586.00,731.00, 0.80
89.50,594.00,702.00, 0.85
90.00,571.00,695.00, 0.82
90.50,557.00,757.00, 0.74
91.00,612.00,748.00, 0.82
91.50,595.00,720.00, 0.83
92.00,578.00,754.00, 0.77
92.50,579.00,741.00, 0.78
93.00,555.00,761.00, 0.73
93.50,555.00,712.00, 0.78
94.00,549.00,766.00, 0.72
94.50,591.00,703.00, 0.84
95.00,618.00,704.00, 0.88
95.50,591.00,687.00, 0.86
96.00,555.00,722.00, 0.77
96.50,593.00,715.00, 0.83
97.00,568.00,749.00, 0.76
97.50,594.00,714.00, 0.83
98.00,594.00,738.00, 0.80
98.50,567.00,734.00, 0.77
99.00,589.00,710.00, 0.83
99.50,552.00,707.00, 0.78
100.00,601.00,713.00, 0.84
100.50,519.00,731.00, 0.71
101.00,553.00,682.00, 0.81
101.50,543.00,720.00, 0.75
102.00,527.00,708.00, 0.74
102.50,554.00,743.00, 0.75
103.00,578.00,720.00, 0.80
103.50,535.00,725.00, 0.74
104.00,541.00,727.00, 0.74
104.50,520.00,660.00, 0.79
105.00,543.00,689.00, 0.79
105.50,569.00,733.00, 0.78
106.00,559.00,674.00, 0.83
106.50,555.00,744.00, 0.75
107.00,567.00,719.00, 0.79
107.50,546.00,742.00, 0.74
108.00,539.00,693.00, 0.78
108.50,544.00,710.00, 0.77
109.00,583.00,746.00, 0.78
109.50,526.00,705.00, 0.75
110.00,540.00,737.00, 0.73
110.50,564.00,690.00, 0.82
111.00,561.00,700.00, 0.80
111.50,546.00,762.00, 0.72
112.00,614.00,739.00, 0.83
112.50,617.00,641.00, 0.96
113.00,581.00,697.00, 0.83
113.50,561.00,690.00, 0.81
114.00,553.00,675.00, 0.82
114.50,547.00,692.00, 0.79
115.00,536.00,674.00, 0.80
115.50,513.00,715.00, 0.72
116.00,513.00,676.00, 0.76
116.50,566.00,665.00, 0.85
117.00,529.00,648.00, 0.82
117.50,584.00,700.00, 0.83
118.00,515.00,682.00, 0.76
118.50,563.00,647.00, 0.87
119.00,564.00,685.00, 0.82
119.50,561.00,678.00, 0.83
120.00,510.00,689.00, 0.74
120.50,538.00,651.00, 0.83
121.00,569.00,706.00, 0.81
121.50,526.00,666.00, 0.79
122.00,563.00,670.00, 0.84
122.50,511.00,691.00, 0.74
123.00,545.00,646.00, 0.84
123.50,543.00,695.00, 0.78
124.00,549.00,697.00, 0.79
124.50,567.00,677.00, 0.84
125.00,531.00,700.00, 0.76
125.50,562.00,673.00, 0.84
126.00,545.00,676.00, 0.81
126.50,550.00,625.00, 0.88
127.00,547.00,662.00, 0.83
127.50,528.00,699.00, 0.76
128.00,523.00,681.00, 0.77
128.50,545.00,717.00, 0.76
129.00,504.00,709.00, 0.71
129.50,563.00,702.00, 0.80
130.00,553.00,654.00, 0.85
130.50,524.00,709.00, 0.74
131.00,528.00,668.00, 0.79
131.50,537.00,678.00, 0.79
132.00,560.00,678.00, 0.83
132.50,542.00,699.00, 0.78
133.00,565.00,706.00, 0.80
133.50,574.00,706.00, 0.81
134.00,525.00,637.00, 0.82
134.50,534.00,649.00, 0.82
135.00,550.00,704.00, 0.78
135.50,549.00,711.00, 0.77
136.00,489.00,679.00, 0.72
136.50,528.00,657.00, 0.80
137.00,559.00,750.00, 0.75
137.50,564.00,730.00, 0.77
138.00,532.00,659.00, 0.81
138.50,563.00,718.00, 0.78
139.00,584.00,677.00, 0.86
139.50,538.00,701.00, 0.77
140.00,543.00,705.00, 0.77
140.50,541.00,653.00, 0.83
141.00,554.00,688.00, 0.81
141.50,491.00,699.00, 0.70
142.00,603.00,645.00, 0.93
142.50,480.00,711.00, 0.68
143.00,535.00,729.00, 0.73
143.50,528.00,664.00, 0.80
144.00,533.00,676.00, 0.79
144.50,521.00,707.00, 0.74
145.00,530.00,730.00, 0.73
145.50,539.00,714.00, 0.75
146.00,569.00,718.00, 0.79
146.50,548.00,685.00, 0.80
147.00,515.00,708.00, 0.73
147.50,560.00,690.00, 0.81
148.00,551.00,718.00, 0.77
148.50,525.00,741.00, 0.71
149.00,554.00,672.00, 0.82
149.50,571.00,716.00, 0.80
150.00,516.00,675.00, 0.76
150.50,563.00,687.00, 0.82
151.00,552.00,693.00, 0.80
151.50,518.00,722.00, 0.72
152.00,564.00,689.00, 0.82
152.50,508.00,684.00, 0.74
153.00,524.00,699.00, 0.75
153.50,542.00,693.00, 0.78
154.00,496.00,677.00, 0.73
154.50,510.00,687.00, 0.74
155.00,519.00,668.00, 0.78
155.50,597.00,686.00, 0.87
156.00,555.00,733.00, 0.76
156.50,525.00,723.00, 0.73
157.00,557.00,730.00, 0.76
157.50,521.00,741.00, 0.70
158.00,542.00,739.00, 0.73
158.50,582.00,670.00, 0.87
159.00,547.00,701.00, 0.78
159.50,582.00,700.00, 0.83
160.00,547.00,714.00, 0.77
160.50,542.00,746.00, 0.73
161.00,591.00,698.00, 0.85
161.50,594.00,683.00, 0.87
162.00,554.00,688.00, 0.81
162.50,579.00,725.00, 0.80
163.00,545.00,728.00, 0.75
163.50,540.00,685.00, 0.79
164.00,575.00,680.00, 0.85
164.50,534.00,718.00, 0.74
165.00,539.00,736.00, 0.73
165.50,554.00,748.00, 0.74
166.00,551.00,737.00, 0.75
166.50,562.00,744.00, 0.76
167.00,583.00,672.00, 0.87
167.50,542.00,739.00, 0.73
168.00,557.00,726.00, 0.77
168.50,548.00,701.00, 0.78
169.00,572.00,759.00, 0.75
169.50,553.00,736.00, 0.75
170.00,615.00,697.00, 0.88
170.50,544.00,685.00, 0.79
171.00,614.00,739.00, 0.83
171.50,613.00,764.00, 0.80
172.00,607.00,752.00, 0.81
172.50,600.00,773.00, 0.78
173.00,604.00,739.00, 0.82
173.50,592.00,754.00, 0.79
174.00,593.00,765.00, 0.78
174.50,660.00,739.00, 0.89
175.00,610.00,806.00, 0.76
175.50,572.00,812.00, 0.70
176.00,633.00,760.00, 0.83
176.50,579.00,783.00, 0.74
177.00,602.00,801.00, 0.75
177.50,659.00,777.00, 0.85
178.00,658.00,800.00, 0.82
178.50,640.00,773.00, 0.83
179.00,651.00,799.00, 0.81
179.50,619.00,823.00, 0.75
180.00,630.00,801.00, 0.79
180.50,673.00,884.00, 0.76
181.00,645.00,935.00, 0.69
181.50,639.00,827.00, 0.77
182.00,679.00,869.00, 0.78
182.50,702.00,898.00, 0.78
183.00,655.00,889.00, 0.74
183.50,710.00,912.00, 0.78
184.00,665.00,946.00, 0.70
184.50,686.00,898.00, 0.76
185.00,720.00,966.00, 0.75
185.50,726.00,965.00, 0.75
186.00,732.00,965.00, 0.76
186.50,710.00,942.00, 0.75
187.00,782.00,1003.00, 0.78
187.50,832.00,973.00, 0.86
188.00,802.00,1018.00, 0.79
188.50,772.00,1026.00, 0.75
189.00,824.00,986.00, 0.84
189.50,806.00,1045.00, 0.77
190.00,829.00,1062.00, 0.78
190.50,868.00,1063.00, 0.82
191.00,828.00,1082.00, 0.77
191.50,877.00,1244.00, 0.70
192.00,832.00,1096.00, 0.76
192.50,842.00,1134.00, 0.74
193.00,914.00,1162.00, 0.79
193.50,857.00,1143.00, 0.75
194.00,958.00,1173.00, 0.82
194.50,922.00,1158.00, 0.80
195.00,969.00,1239.00, 0.78
195.50,1005.00,1253.00, 0.80
196.00,979.00,1251.00, 0.78
196.50,951.00,1278.00, 0.74
197.00,920.00,1339.00, 0.69
197.50,1004.00,1336.00, 0.75
198.00,1028.00,1442.00, 0.71
198.50,1040.00,1389.00, 0.75
199.00,1102.00,1369.00, 0.80
199.50,1150.00,1384.00, 0.83
200.00,1054.00,1449.00, 0.73
200.50,1064.00,1461.00, 0.73
201.00,1115.00,1439.00, 0.77
201.50,1121.00,1470.00, 0.76
202.00,1148.00,1527.00, 0.75
202.50,1135.00,1565.00, 0.73
203.00,1251.00,1538.00, 0.81
203.50,1268.00,1570.00, 0.81
204.00,1221.00,1504.00, 0.81
204.50,1220.00,1645.00, 0.74
205.00,1308.00,1673.00, 0.78
205.50,1250.00,1669.00, 0.75
206.00,1323.00,1705.00, 0.78
206.50,1277.00,1757.00, 0.73
207.00,1339.00,1705.00, 0.79
207.50,1278.00,1727.00, 0.74
208.00,1321.00,1745.00, 0.76
208.50,1326.00,1798.00, 0.74
209.00,1335.00,1814.00, 0.74
209.50,1361.00,1870.00, 0.73
210.00,1393.00,1941.00, 0.72
210.50,1377.00,1868.00, 0.74
211.00,1510.00,1901.00, 0.79
211.50,1532.00,2047.00, 0.75
212.00,1476.00,1933.00, 0.76
212.50,1446.00,1985.00, 0.73
213.00,1529.00,1962.00, 0.78
213.50,1465.00,1980.00, 0.74
214.00,1530.00,2049.00, 0.75
214.50,1520.00,2136.00, 0.71
215.00,1572.00,2046.00, 0.77
215.50,1558.00,2105.00, 0.74
216.00,1596.00,1987.00, 0.80
216.50,1627.00,2144.00, 0.76
217.00,1639.00,2157.00, 0.76
217.50,1578.00,2118.00, 0.75
218.00,1684.00,2077.00, 0.81
218.50,1675.00,2199.00, 0.76
219.00,1667.00,2255.00, 0.74
219.50,1612.00,2274.00, 0.71
220.00,1713.00,2221.00, 0.77
220.50,1641.00,2359.00, 0.70
221.00,1708.00,2400.00, 0.71
221.50,1651.00,2298.00, 0.72
222.00,1761.00,2348.00, 0.75
222.50,1788.00,2310.00, 0.77
223.00,1822.00,2407.00, 0.76
223.50,1790.00,2394.00, 0.75
224.00,1786.00,2418.00, 0.74
224.50,1841.00,2495.00, 0.74
225.00,1816.00,2436.00, 0.75
225.50,1782.00,2508.00, 0.71
226.00,1823.00,2399.00, 0.76
226.50,1734.00,2487.00, 0.70
227.00,1785.00,2525.00, 0.71
227.50,1888.00,2593.00, 0.73
228.00,1927.00,2469.00, 0.78
228.50,1888.00,2580.00, 0.73
229.00,1887.00,2684.00, 0.70
229.50,1901.00,2519.00, 0.75
230.00,1947.00,2611.00, 0.75
230.50,1875.00,2633.00, 0.71
231.00,1965.00,2617.00, 0.75
231.50,2011.00,2554.00, 0.79
232.00,1967.00,2706.00, 0.73
232.50,2028.00,2657.00, 0.76
233.00,2014.00,2635.00, 0.76
233.50,1949.00,2638.00, 0.74
234.00,2003.00,2662.00, 0.75
234.50,2031.00,2729.00, 0.74
235.00,2021.00,2684.00, 0.75
235.50,2051.00,2722.00, 0.75
236.00,2022.00,2775.00, 0.73
236.50,1984.00,2857.00, 0.69
237.00,2070.00,2920.00, 0.71
237.50,2058.00,2792.00, 0.74
238.00,2115.00,2781.00, 0.76
238.50,2105.00,2863.00, 0.74
239.00,2107.00,2790.00, 0.76
239.50,2136.00,2878.00, 0.74
240.00,2136.00,2796.00, 0.76
240.50,1998.00,2887.00, 0.69
241.00,2091.00,2860.00, 0.73
241.50,2075.00,2881.00, 0.72
242.00,2118.00,2764.00, 0.77
242.50,2220.00,2902.00, 0.76
243.00,2151.00,2937.00, 0.73
243.50,2205.00,2912.00, 0.76
244.00,2102.00,2998.00, 0.70
244.50,2238.00,2922.00, 0.77
245.00,2252.00,2878.00, 0.78
245.50,2173.00,3012.00, 0.72
246.00,2171.00,3066.00, 0.71
246.50,2263.00,3041.00, 0.74
247.00,2185.00,3069.00, 0.71
247.50,2229.00,3062.00, 0.73
248.00,2212.00,2936.00, 0.75
248.50,2155.00,3065.00, 0.70
249.00,2206.00,3104.00, 0.71
249.50,2212.00,3064.00, 0.72
250.00,2145.00,3072.00, 0.70
250.50,2172.00,3055.00, 0.71
251.00,2196.00,3055.00, 0.72
251.50,2289.00,3091.00, 0.74
252.00,2284.00,3105.00, 0.74
252.50,2282.00,3106.00, 0.73
253.00,2236.00,3079.00, 0.73
253.50,2181.00,3093.00, 0.71
254.00,2338.00,3232.00, 0.72
254.50,2265.00,3168.00, 0.71
255.00,2203.00,3243.00, 0.68
255.50,2298.00,3179.00, 0.72
256.00,2194.00,3108.00, 0.71
256.50,2259.00,3256.00, 0.69
257.00,2261.00,3196.00, 0.71
257.50,2235.00,3128.00, 0.71
258.00,2256.00,3089.00, 0.73
258.50,2343.00,3159.00, 0.74
259.00,2259.00,3199.00, 0.71
259.50,2322.00,3194.00, 0.73
260.00,2310.00,3301.00, 0.70
260.50,2288.00,3242.00, 0.71
261.00,2189.00,3231.00, 0.68
261.50,2310.00,3266.00, 0.71
262.00,2241.00,3253.00, 0.69
262.50,2345.00,3248.00, 0.72
263.00,2297.00,3245.00, 0.71
263.50,2321.00,3274.00, 0.71
264.00,2280.00,3324.00, 0.69
264.50,2389.00,3328.00, 0.72
265.00,2239.00,3307.00, 0.68
265.50,2336.00,3329.00, 0.70
266.00,2289.00,3303.00, 0.69
266.50,2293.00,3366.00, 0.68
267.00,2291.00,3253.00, 0.70
267.50,2389.00,3283.00, 0.73
268.00,2351.00,3108.00, 0.76
268.50,2284.00,3207.00, 0.71
269.00,2372.00,3269.00, 0.73
269.50,2294.00,3331.00, 0.69
270.00,2300.00,3344.00, 0.69
270.50,2326.00,3292.00, 0.71
271.00,2333.00,3223.00, 0.72
271.50,2377.00,3267.00, 0.73
272.00,2328.00,3375.00, 0.69
272.50,2296.00,3374.00, 0.68
273.00,2376.00,3339.00, 0.71
273.50,2343.00,3378.00, 0.69
274.00,2353.00,3369.00, 0.70
274.50,2349.00,3259.00, 0.72
275.00,2310.00,3396.00, 0.68
275.50,2354.00,3373.00, 0.70
276.00,2336.00,3379.00, 0.69
276.50,2278.00,3323.00, 0.69
277.00,2328.00,3292.00, 0.71
277.50,2366.00,3356.00, 0.71
278.00,2373.00,3337.00, 0.71
278.50,2358.00,3434.00, 0.69
279.00,2266.00,3409.00, 0.66
279.50,2360.00,3356.00, 0.70
280.00,2308.00,3438.00, 0.67
280.50,2358.00,3185.00, 0.74
281.00,2318.00,3355.00, 0.69
281.50,2374.00,3461.00, 0.69
282.00,2400.00,3410.00, 0.70
282.50,2242.00,3280.00, 0.68
283.00,2281.00,3486.00, 0.65
283.50,2273.00,3369.00, 0.67
284.00,2408.00,3398.00, 0.71
284.50,2357.00,3416.00, 0.69
285.00,2244.00,3404.00, 0.66
285.50,2416.00,3434.00, 0.70
286.00,2330.00,3402.00, 0.68
286.50,2424.00,3388.00, 0.72
287.00,2436.00,3486.00, 0.70
287.50,2369.00,3393.00, 0.70
288.00,2390.00,3386.00, 0.71
288.50,2386.00,3411.00, 0.70
289.00,2380.00,3507.00, 0.68
289.50,2381.00,3470.00, 0.69
290.00,2371.00,3487.00, 0.68
290.50,2446.00,3461.00, 0.71
291.00,2351.00,3364.00, 0.70
291.50,2295.00,3409.00, 0.67
292.00,2381.00,3407.00, 0.70
292.50,2318.00,3511.00, 0.66
293.00,2338.00,3479.00, 0.67
293.50,2355.00,3475.00, 0.68
294.00,2377.00,3497.00, 0.68
294.50,2390.00,3418.00, 0.70
295.00,2388.00,3479.00, 0.69
295.50,2347.00,3353.00, 0.70
296.00,2376.00,3494.00, 0.68
296.50,2277.00,3469.00, 0.66
297.00,2286.00,3421.00, 0.67
297.50,2389.00,3418.00, 0.70
298.00,2351.00,3357.00, 0.70
298.50,2388.00,3483.00, 0.69
299.00,2337.00,3393.00, 0.69
299.50,2447.00,3426.00, 0.71
300.00,2354.00,3416.00, 0.69
300.50,2404.00,3540.00, 0.68
301.00,2304.00,3494.00, 0.66
301.50,2347.00,3423.00, 0.69
302.00,2330.00,3468.00, 0.67
302.50,2451.00,3475.00, 0.71
303.00,2397.00,3503.00, 0.68
303.50,2337.00,3436.00, 0.68
304.00,2360.00,3587.00, 0.66
304.50,2436.00,3414.00, 0.71
305.00,2301.00,3337.00, 0.69
305.50,2383.00,3390.00, 0.70
306.00,2300.00,3499.00, 0.66
306.50,2284.00,3418.00, 0.67
307.00,2383.00,3473.00, 0.69
307.50,2358.00,3478.00, 0.68
308.00,2326.00,3307.00, 0.70
308.50,2362.00,3509.00, 0.67
309.00,2322.00,3398.00, 0.68
309.50,2290.00,3475.00, 0.66
310.00,2311.00,3550.00, 0.65
310.50,2306.00,3514.00, 0.66
311.00,2394.00,3461.00, 0.69
311.50,2296.00,3494.00, 0.66
312.00,2279.00,3506.00, 0.65
312.50,2350.00,3530.00, 0.67
313.00,2362.00,3471.00, 0.68
313.50,2393.00,3564.00, 0.67
314.00,2382.00,3585.00, 0.66
314.50,2373.00,3571.00, 0.66
315.00,2420.00,3516.00, 0.69
315.50,2345.00,3477.00, 0.67
316.00,2353.00,3511.00, 0.67
316.50,2323.00,3501.00, 0.66
317.00,2362.00,3478.00, 0.68
317.50,2302.00,3596.00, 0.64
318.00,2356.00,3491.00, 0.67
318.50,2282.00,3523.00, 0.65
319.00,2330.00,3617.00, 0.64
319.50,2302.00,3503.00, 0.66
320.00,2357.00,3509.00, 0.67
320.50,2339.00,3492.00, 0.67
321.00,2335.00,3575.00, 0.65
321.50,2432.00,3640.00, 0.67
322.00,2373.00,3572.00, 0.66
322.50,2377.00,3510.00, 0.68
323.00,2327.00,3556.00, 0.65
323.50,2328.00,3421.00, 0.68
324.00,2333.00,3533.00, 0.66
324.50,2258.00,3527.00, 0.64
325.00,2316.00,3579.00, 0.65
325.50,2335.00,3564.00, 0.66
326.00,2413.00,3468.00, 0.70
326.50,2340.00,3417.00, 0.68
327.00,2363.00,3512.00, 0.67
327.50,2334.00,3427.00, 0.68
328.00,2267.00,3531.00, 0.64
328.50,2397.00,3390.00, 0.71
329.00,2396.00,3528.00, 0.68
329.50,2305.00,3522.00, 0.65
330.00,2377.00,3467.00, 0.69
330.50,2312.00,3608.00, 0.64
331.00,2296.00,3552.00, 0.65
331.50,2244.00,3456.00, 0.65
332.00,2385.00,3609.00, 0.66
332.50,2257.00,3390.00, 0.67
333.00,2358.00,3514.00, 0.67
333.50,2328.00,3488.00, 0.67
334.00,2334.00,3498.00, 0.67
334.50,2367.00,3520.00, 0.67
335.00,2285.00,3513.00, 0.65
335.50,2237.00,3406.00, 0.66
336.00,2293.00,3536.00, 0.65
336.50,2358.00,3560.00, 0.66
337.00,2394.00,3524.00, 0.68
337.50,2323.00,3459.00, 0.67
338.00,2224.00,3568.00, 0.62
338.50,2367.00,3520.00, 0.67
339.00,2392.00,3527.00, 0.68
339.50,2313.00,3525.00, 0.66
340.00,2337.00,3464.00, 0.67
340.50,2318.00,3584.00, 0.65
341.00,2292.00,3527.00, 0.65
341.50,2257.00,3523.00, 0.64
342.00,2343.00,3536.00, 0.66
342.50,2431.00,3532.00, 0.69
343.00,2352.00,3499.00, 0.67
343.50,2250.00,3515.00, 0.64
344.00,2255.00,3525.00, 0.64
344.50,2324.00,3479.00, 0.67
345.00,2310.00,3587.00, 0.64
345.50,2302.00,3514.00, 0.66
346.00,2325.00,3699.00, 0.63
346.50,2327.00,3621.00, 0.64
347.00,2306.00,3494.00, 0.66
347.50,2277.00,3664.00, 0.62
348.00,2345.00,3516.00, 0.67
348.50,2255.00,3533.00, 0.64
349.00,2275.00,3547.00, 0.64
349.50,2310.00,3552.00, 0.65
350.00,2239.00,3609.00, 0.62
350.50,2265.00,3602.00, 0.63
351.00,2283.00,3515.00, 0.65
351.50,2417.00,3569.00, 0.68
352.00,2263.00,3540.00, 0.64
352.50,2296.00,3550.00, 0.65
353.00,2297.00,3644.00, 0.63
353.50,2360.00,3509.00, 0.67
354.00,2361.00,3518.00, 0.67
354.50,2282.00,3515.00, 0.65
355.00,2265.00,3566.00, 0.64
355.50,2306.00,3641.00, 0.63
356.00,2333.00,3516.00, 0.66
356.50,2260.00,3581.00, 0.63
357.00,2247.00,3577.00, 0.63
357.50,2294.00,3485.00, 0.66
358.00,2243.00,3527.00, 0.64
358.50,2301.00,3553.00, 0.65
359.00,2310.00,3607.00, 0.64
359.50,2339.00,3587.00, 0.65
360.00,2238.00,3484.00, 0.64
360.50,2370.00,3535.00, 0.67
361.00,2387.00,3581.00, 0.67
361.50,2355.00,3567.00, 0.66
362.00,2193.00,3656.00, 0.60
362.50,2256.00,3559.00, 0.63
363.00,2426.00,3580.00, 0.68
363.50,2261.00,3613.00, 0.63
364.00,2298.00,3648.00, 0.63
364.50,2349.00,3652.00, 0.64
365.00,2302.00,3593.00, 0.64
365.50,2384.00,3708.00, 0.64
366.00,2326.00,3608.00, 0.64
366.50,2266.00,3477.00, 0.65
367.00,2382.00,3591.00, 0.66
367.50,2311.00,3669.00, 0.63
368.00,2352.00,3627.00, 0.65
368.50,2244.00,3661.00, 0.61
369.00,2324.00,3659.00, 0.64
369.50,2229.00,3627.00, 0.61
370.00,2404.00,3586.00, 0.67
370.50,2340.00,3641.00, 0.64
371.00,2337.00,3706.00, 0.63
371.50,2295.00,3540.00, 0.65
372.00,2300.00,3575.00, 0.64
372.50,2323.00,3560.00, 0.65
373.00,2405.00,3550.00, 0.68
373.50,2360.00,3617.00, 0.65
374.00,2296.00,3629.00, 0.63
374.50,2337.00,3505.00, 0.67
375.00,2308.00,3624.00, 0.64
375.50,2269.00,3646.00, 0.62
376.00,2367.00,3666.00, 0.65
376.50,2347.00,3563.00, 0.66
377.00,2287.00,3557.00, 0.64
377.50,2412.00,3643.00, 0.66
378.00,2242.00,3736.00, 0.60
378.50,2239.00,3653.00, 0.61
379.00,2320.00,3662.00, 0.63
379.50,2379.00,3585.00, 0.66
380.00,2312.00,3617.00, 0.64
380.50,2292.00,3657.00, 0.63
381.00,2326.00,3703.00, 0.63
381.50,2374.00,3596.00, 0.66
382.00,2306.00,3573.00, 0.65
382.50,2328.00,3677.00, 0.63
383.00,2339.00,3769.00, 0.62
383.50,2371.00,3627.00, 0.65
384.00,2327.00,3711.00, 0.63
384.50,2402.00,3636.00, 0.66
385.00,2379.00,3680.00, 0.65
385.50,2302.00,3642.00, 0.63
386.00,2394.00,3624.00, 0.66
386.50,2343.00,3689.00, 0.64
387.00,2321.00,3702.00, 0.63
387.50,2323.00,3718.00, 0.62
388.00,2364.00,3695.00, 0.64
388.50,2336.00,3679.00, 0.63
389.00,2303.00,3678.00, 0.63
389.50,2326.00,3660.00, 0.64
390.00,2393.00,3672.00, 0.65
390.50,2318.00,3707.00, 0.63
391.00,2348.00,3716.00, 0.63
391.50,2405.00,3684.00, 0.65
392.00,2306.00,3618.00, 0.64
392.50,2406.00,3852.00, 0.62
393.00,2322.00,3834.00, 0.61
393.50,2297.00,3669.00, 0.63
394.00,2374.00,3738.00, 0.64
394.50,2488.00,3716.00, 0.67
395.00,2324.00,3643.00, 0.64
395.50,2350.00,3796.00, 0.62
396.00,2435.00,3784.00, 0.64
396.50,2372.00,3818.00, 0.62
397.00,2331.00,3833.00, 0.61
397.50,2366.00,3822.00, 0.62
398.00,2314.00,3682.00, 0.63
398.50,2398.00,3748.00, 0.64
399.00,2359.00,3736.00, 0.63
399.50,2385.00,3757.00, 0.63
400.00,2410.00,3739.00, 0.64
400.50,2375.00,3680.00, 0.65
401.00,2418.00,3823.00, 0.63
401.50,2305.00,3710.00, 0.62
402.00,2378.00,3698.00, 0.64
402.50,2310.00,3844.00, 0.60
403.00,2311.00,3664.00, 0.63
403.50,2411.00,3740.00, 0.64
404.00,2407.00,3814.00, 0.63
404.50,2268.00,3726.00, 0.61
405.00,2425.00,3897.00, 0.62
405.50,2359.00,3809.00, 0.62
406.00,2340.00,3804.00, 0.62
406.50,2323.00,3777.00, 0.62
407.00,2422.00,3789.00, 0.64
407.50,2358.00,3855.00, 0.61
408.00,2302.00,3711.00, 0.62
408.50,2378.00,3716.00, 0.64
409.00,2304.00,3791.00, 0.61
409.50,2350.00,3840.00, 0.61
410.00,2301.00,3759.00, 0.61
410.50,2372.00,3719.00, 0.64
411.00,2275.00,3843.00, 0.59
411.50,2253.00,3727.00, 0.60
412.00,2473.00,3764.00, 0.66
412.50,2384.00,3890.00, 0.61
413.00,2322.00,3859.00, 0.60
413.50,2418.00,3706.00, 0.65
414.00,2322.00,3660.00, 0.63
414.50,2391.00,3733.00, 0.64
415.00,2352.00,3840.00, 0.61
415.50,2345.00,3831.00, 0.61
416.00,2326.00,3739.00, 0.62
416.50,2411.00,3848.00, 0.63
417.00,2365.00,3774.00, 0.63
417.50,2328.00,3812.00, 0.61
418.00,2342.00,3743.00, 0.63
418.50,2316.00,3795.00, 0.61
419.00,2385.00,3889.00, 0.61
419.50,2416.00,3838.00, 0.63
420.00,2186.00,3757.00, 0.58
420.50,2308.00,3859.00, 0.60
421.00,2373.00,3855.00, 0.62
421.50,2397.00,3807.00, 0.63
422.00,2294.00,3772.00, 0.61
422.50,2292.00,3878.00, 0.59
423.00,2322.00,3768.00, 0.62
423.50,2414.00,3887.00, 0.62
424.00,2325.00,3732.00, 0.62
424.50,2334.00,3812.00, 0.61
425.00,2332.00,3819.00, 0.61
425.50,2458.00,3890.00, 0.63
426.00,2324.00,3863.00, 0.60
426.50,2293.00,3884.00, 0.59
427.00,2376.00,3881.00, 0.61
427.50,2329.00,3846.00, 0.61
428.00,2358.00,3762.00, 0.63
428.50,2385.00,3753.00, 0.64
429.00,2401.00,3823.00, 0.63
429.50,2372.00,3856.00, 0.62
430.00,2311.00,3838.00, 0.60
430.50,2369.00,3901.00, 0.61
431.00,2373.00,3727.00, 0.64
431.50,2261.00,3886.00, 0.58
432.00,2364.00,3786.00, 0.62
432.50,2371.00,3812.00, 0.62
433.00,2335.00,3848.00, 0.61
433.50,2370.00,3830.00, 0.62
434.00,2403.00,3874.00, 0.62
434.50,2274.00,3792.00, 0.60
435.00,2342.00,3847.00, 0.61
435.50,2423.00,3873.00, 0.63
436.00,2299.00,3834.00, 0.60
436.50,2322.00,3843.00, 0.60
437.00,2355.00,3905.00, 0.60
437.50,2331.00,3854.00, 0.60
438.00,2422.00,3875.00, 0.63
438.50,2285.00,3857.00, 0.59
439.00,2395.00,3889.00, 0.62
439.50,2283.00,3770.00, 0.61
440.00,2333.00,3939.00, 0.59
440.50,2326.00,3888.00, 0.60
441.00,2260.00,3942.00, 0.57
441.50,2298.00,3833.00, 0.60
442.00,2251.00,3805.00, 0.59
442.50,2285.00,3813.00, 0.60
443.00,2353.00,3981.00, 0.59
443.50,2251.00,3914.00, 0.58
444.00,2360.00,3947.00, 0.60
444.50,2292.00,3769.00, 0.61
445.00,2394.00,3904.00, 0.61
445.50,2371.00,3950.00, 0.60
446.00,2293.00,3815.00, 0.60
446.50,2356.00,3880.00, 0.61
447.00,2431.00,3861.00, 0.63
447.50,2271.00,3861.00, 0.59
448.00,2321.00,4009.00, 0.58
448.50,2325.00,3844.00, 0.60
449.00,2323.00,3920.00, 0.59
449.50,2364.00,3887.00, 0.61
450.00,2284.00,3877.00, 0.59
450.50,2381.00,3971.00, 0.60
451.00,2257.00,4005.00, 0.56
451.50,2321.00,3846.00, 0.60
452.00,2371.00,3920.00, 0.60
452.50,2354.00,3851.00, 0.61
453.00,2375.00,3857.00, 0.62
453.50,2348.00,3948.00, 0.59
454.00,2321.00,3914.00, 0.59
454.50,2382.00,3975.00, 0.60
455.00,2301.00,3970.00, 0.58
455.50,2285.00,3971.00, 0.58
456.00,2323.00,3940.00, 0.59
456.50,2359.00,3942.00, 0.60
457.00,2337.00,3906.00, 0.60
457.50,2344.00,3835.00, 0.61
458.00,2273.00,3859.00, 0.59
458.50,2297.00,3928.00, 0.58
459.00,2267.00,3888.00, 0.58
459.50,2274.00,3915.00, 0.58
460.00,2301.00,3849.00, 0.60
