Date/Time,23_04_19,17:44,
Operator,Felix Weihs,,
Consignment Number,,,
Sample Type,Other,,
Protocol,Sample,,
Temperature,28.0,,
Results,,,
Time,Green,Blue,Ratio
 0.50, 0.00, 0.00,  NaN
 1.00,270.00,990.00, 0.27
 1.50,340.00,1109.00, 0.31
 2.00,332.00,1135.00, 0.29
 2.50,364.00,1131.00, 0.32
 3.00,330.00,1165.00, 0.28
 3.50,359.00,1117.00, 0.32
 4.00,331.00,1191.00, 0.28
 4.50,385.00,1084.00, 0.36
 5.00,381.00,1133.00, 0.34
 5.50,379.00,1133.00, 0.33
 6.00,353.00,1154.00, 0.31
 6.50,389.00,1227.00, 0.32
 7.00,401.00,1187.00, 0.34
 7.50,364.00,1171.00, 0.31
 8.00,379.00,1198.00, 0.32
 8.50,398.00,1108.00, 0.36
 9.00,397.00,1186.00, 0.33
 9.50,386.00,1202.00, 0.32
10.00,374.00,1177.00, 0.32
10.50,362.00,1232.00, 0.29
11.00,420.00,1214.00, 0.35
11.50,390.00,1141.00, 0.34
12.00,405.00,1160.00, 0.35
12.50,378.00,1182.00, 0.32
13.00,439.00,1166.00, 0.38
13.50,417.00,1179.00, 0.35
14.00,441.00,1248.00, 0.35
14.50,432.00,1210.00, 0.36
15.00,451.00,1175.00, 0.38
15.50,468.00,1194.00, 0.39
16.00,428.00,1185.00, 0.36
16.50,434.00,1230.00, 0.35
17.00,456.00,1252.00, 0.36
17.50,396.00,1248.00, 0.32
18.00,421.00,1169.00, 0.36
18.50,427.00,1173.00, 0.36
19.00,411.00,1199.00, 0.34
19.50,449.00,1168.00, 0.38
20.00,465.00,1185.00, 0.39
20.50,396.00,1198.00, 0.33
21.00,447.00,1200.00, 0.37
21.50,411.00,1202.00, 0.34
22.00,405.00,1200.00, 0.34
22.50,434.00,1236.00, 0.35
23.00,426.00,1155.00, 0.37
23.50,445.00,1199.00, 0.37
24.00,424.00,1170.00, 0.36
24.50,441.00,1252.00, 0.35
25.00,445.00,1199.00, 0.37
25.50,417.00,1193.00, 0.35
26.00,371.00,1158.00, 0.32
26.50,433.00,1235.00, 0.35
27.00,436.00,1213.00, 0.36
27.50,439.00,1199.00, 0.37
28.00,407.00,1169.00, 0.35
28.50,423.00,1081.00, 0.39
29.00,444.00,1187.00, 0.37
29.50,431.00,1226.00, 0.35
30.00,429.00,1233.00, 0.35
30.50,418.00,1157.00, 0.36
31.00,432.00,1207.00, 0.36
31.50,404.00,1251.00, 0.32
32.00,408.00,1160.00, 0.35
32.50,433.00,1219.00, 0.36
33.00,444.00,1115.00, 0.40
33.50,449.00,1142.00, 0.39
34.00,433.00,1188.00, 0.36
34.50,434.00,1183.00, 0.37
35.00,426.00,1226.00, 0.35
35.50,436.00,1123.00, 0.39
36.00,414.00,1142.00, 0.36
36.50,405.00,1135.00, 0.36
37.00,423.00,1185.00, 0.36
37.50,431.00,1132.00, 0.38
38.00,435.00,1121.00, 0.39
38.50,440.00,1151.00, 0.38
39.00,427.00,1115.00, 0.38
39.50,434.00,1100.00, 0.39
40.00,456.00,1093.00, 0.42
40.50,386.00,1095.00, 0.35
41.00,425.00,1185.00, 0.36
41.50,466.00,1069.00, 0.44
42.00,428.00,1090.00, 0.39
42.50,396.00,1076.00, 0.37
43.00,431.00,1186.00, 0.36
43.50,432.00,1158.00, 0.37
44.00,409.00,1055.00, 0.39
44.50,412.00,1091.00, 0.38
45.00,447.00,1105.00, 0.40
45.50,407.00,1092.00, 0.37
46.00,423.00,1029.00, 0.41
46.50,420.00,1122.00, 0.37
47.00,443.00,1131.00, 0.39
47.50,411.00,1113.00, 0.37
48.00,440.00,1111.00, 0.40
48.50,453.00,1055.00, 0.43
49.00,400.00,1118.00, 0.36
49.50,418.00,1059.00, 0.39
50.00,449.00,1125.00, 0.40
50.50,429.00,1116.00, 0.38
51.00,410.00,1105.00, 0.37
51.50,436.00,1038.00, 0.42
52.00,399.00,1070.00, 0.37
52.50,404.00,1071.00, 0.38
53.00,457.00,1102.00, 0.41
53.50,377.00,1101.00, 0.34
54.00,417.00,1100.00, 0.38
54.50,395.00,1037.00, 0.38
55.00,426.00,1079.00, 0.39
55.50,431.00,1063.00, 0.41
56.00,406.00,1049.00, 0.39
56.50,430.00,1034.00, 0.42
57.00,390.00,1055.00, 0.37
57.50,417.00,1081.00, 0.39
58.00,416.00,1109.00, 0.38
58.50,402.00,1100.00, 0.37
59.00,397.00,1074.00, 0.37
59.50,413.00,1042.00, 0.40
60.00,398.00,1048.00, 0.38
60.50,420.00,1080.00, 0.39
61.00,422.00,1028.00, 0.41
61.50,391.00,1051.00, 0.37
62.00,411.00,1099.00, 0.37
62.50,396.00,1050.00, 0.38
63.00,423.00,1047.00, 0.40
63.50,432.00,1017.00, 0.42
64.00,401.00,1060.00, 0.38
64.50,410.00,1045.00, 0.39
65.00,399.00,1056.00, 0.38
65.50,448.00,1012.00, 0.44
66.00,425.00,1069.00, 0.40
66.50,397.00,1059.00, 0.37
67.00,403.00,1053.00, 0.38
67.50,433.00,1023.00, 0.42
68.00,387.00,1029.00, 0.38
68.50,392.00,1036.00, 0.38
69.00,436.00,997.00, 0.44
69.50,449.00,1007.00, 0.45
70.00,425.00,1078.00, 0.39
70.50,408.00,1033.00, 0.39
71.00,425.00,1012.00, 0.42
71.50,428.00,1049.00, 0.41
72.00,406.00,1004.00, 0.40
72.50,441.00,1027.00, 0.43
73.00,452.00,1034.00, 0.44
73.50,412.00,941.00, 0.44
74.00,400.00,1045.00, 0.38
74.50,429.00,1003.00, 0.43
75.00,411.00,1017.00, 0.40
75.50,439.00,1026.00, 0.43
76.00,411.00,945.00, 0.43
76.50,447.00,938.00, 0.48
77.00,401.00,986.00, 0.41
77.50,426.00,992.00, 0.43
78.00,412.00,996.00, 0.41
78.50,414.00,983.00, 0.42
79.00,431.00,967.00, 0.45
79.50,427.00,1050.00, 0.41
80.00,420.00,1002.00, 0.42
80.50,440.00,958.00, 0.46
81.00,398.00,1037.00, 0.38
81.50,423.00,1055.00, 0.40
82.00,387.00,1003.00, 0.39
82.50,402.00,981.00, 0.41
83.00,446.00,996.00, 0.45
83.50,409.00,967.00, 0.42
84.00,406.00,952.00, 0.43
84.50,440.00,967.00, 0.46
85.00,443.00,1023.00, 0.43
85.50,427.00,944.00, 0.45
86.00,438.00,994.00, 0.44
86.50,403.00,1030.00, 0.39
87.00,414.00,934.00, 0.44
87.50,406.00,952.00, 0.43
88.00,386.00,933.00, 0.41
88.50,403.00,955.00, 0.42
89.00,422.00,962.00, 0.44
89.50,414.00,976.00, 0.42
90.00,421.00,977.00, 0.43
90.50,396.00,969.00, 0.41
91.00,434.00,931.00, 0.47
91.50,391.00,987.00, 0.40
92.00,387.00,955.00, 0.41
92.50,397.00,1007.00, 0.39
93.00,399.00,956.00, 0.42
93.50,397.00,914.00, 0.43
94.00,400.00,942.00, 0.42
94.50,397.00,966.00, 0.41
95.00,402.00,984.00, 0.41
95.50,419.00,924.00, 0.45
96.00,425.00,1041.00, 0.41
96.50,417.00,975.00, 0.43
97.00,445.00,982.00, 0.45
97.50,387.00,922.00, 0.42
98.00,429.00,997.00, 0.43
98.50,383.00,1000.00, 0.38
99.00,422.00,1016.00, 0.42
99.50,415.00,937.00, 0.44
100.00,426.00,961.00, 0.44
100.50,440.00,938.00, 0.47
101.00,410.00,1018.00, 0.40
101.50,433.00,1006.00, 0.43
102.00,407.00,975.00, 0.42
102.50,407.00,934.00, 0.44
103.00,411.00,987.00, 0.42
103.50,431.00,993.00, 0.43
104.00,473.00,975.00, 0.49
104.50,427.00,893.00, 0.48
105.00,435.00,946.00, 0.46
105.50,443.00,916.00, 0.48
106.00,386.00,968.00, 0.40
106.50,449.00,984.00, 0.46
107.00,417.00,943.00, 0.44
107.50,441.00,943.00, 0.47
108.00,422.00,972.00, 0.43
108.50,424.00,919.00, 0.46
109.00,472.00,909.00, 0.52
109.50,427.00,986.00, 0.43
110.00,429.00,964.00, 0.45
110.50,433.00,920.00, 0.47
111.00,397.00,930.00, 0.43
111.50,465.00,915.00, 0.51
112.00,405.00,902.00, 0.45
112.50,439.00,924.00, 0.48
113.00,440.00,947.00, 0.46
113.50,444.00,951.00, 0.47
114.00,422.00,950.00, 0.44
114.50,432.00,982.00, 0.44
115.00,423.00,963.00, 0.44
115.50,449.00,943.00, 0.48
116.00,434.00,922.00, 0.47
116.50,432.00,934.00, 0.46
117.00,427.00,944.00, 0.45
117.50,426.00,958.00, 0.44
118.00,475.00,980.00, 0.48
118.50,456.00,941.00, 0.48
119.00,436.00,962.00, 0.45
119.50,404.00,895.00, 0.45
120.00,403.00,957.00, 0.42
120.50,442.00,928.00, 0.48
121.00,413.00,1014.00, 0.41
121.50,437.00,933.00, 0.47
122.00,448.00,938.00, 0.48
122.50,450.00,954.00, 0.47
123.00,429.00,960.00, 0.45
123.50,450.00,957.00, 0.47
124.00,432.00,942.00, 0.46
124.50,429.00,895.00, 0.48
125.00,439.00,970.00, 0.45
125.50,474.00,970.00, 0.49
126.00,404.00,925.00, 0.44
126.50,411.00,924.00, 0.44
127.00,456.00,910.00, 0.50
127.50,408.00,907.00, 0.45
128.00,458.00,960.00, 0.48
128.50,429.00,925.00, 0.46
129.00,421.00,914.00, 0.46
129.50,422.00,974.00, 0.43
130.00,441.00,911.00, 0.48
130.50,422.00,876.00, 0.48
131.00,457.00,885.00, 0.52
131.50,437.00,946.00, 0.46
132.00,398.00,902.00, 0.44
132.50,486.00,895.00, 0.54
133.00,419.00,982.00, 0.43
133.50,435.00,907.00, 0.48
134.00,500.00,911.00, 0.55
134.50,430.00,937.00, 0.46
135.00,458.00,974.00, 0.47
135.50,449.00,908.00, 0.49
136.00,461.00,942.00, 0.49
136.50,451.00,988.00, 0.46
137.00,457.00,924.00, 0.49
137.50,455.00,992.00, 0.46
138.00,496.00,896.00, 0.55
138.50,442.00,932.00, 0.47
139.00,416.00,948.00, 0.44
139.50,456.00,955.00, 0.48
140.00,463.00,937.00, 0.49
140.50,482.00,955.00, 0.50
141.00,487.00,967.00, 0.50
141.50,443.00,931.00, 0.48
142.00,429.00,946.00, 0.45
142.50,461.00,918.00, 0.50
143.00,463.00,925.00, 0.50
143.50,456.00,933.00, 0.49
144.00,441.00,903.00, 0.49
144.50,491.00,939.00, 0.52
145.00,449.00,932.00, 0.48
145.50,441.00,984.00, 0.45
146.00,486.00,964.00, 0.50
146.50,461.00,869.00, 0.53
147.00,464.00,973.00, 0.48
147.50,479.00,919.00, 0.52
148.00,478.00,983.00, 0.49
148.50,418.00,972.00, 0.43
149.00,495.00,955.00, 0.52
149.50,470.00,922.00, 0.51
150.00,505.00,965.00, 0.52
150.50,478.00,963.00, 0.50
151.00,465.00,945.00, 0.49
151.50,465.00,955.00, 0.49
152.00,460.00,952.00, 0.48
152.50,464.00,918.00, 0.51
153.00,487.00,961.00, 0.51
153.50,470.00,934.00, 0.50
154.00,509.00,978.00, 0.52
154.50,468.00,966.00, 0.48
155.00,481.00,941.00, 0.51
155.50,482.00,993.00, 0.49
156.00,426.00,967.00, 0.44
156.50,433.00,968.00, 0.45
157.00,502.00,1006.00, 0.50
157.50,513.00,1019.00, 0.50
158.00,469.00,995.00, 0.47
158.50,507.00,1056.00, 0.48
159.00,478.00,923.00, 0.52
159.50,532.00,1008.00, 0.53
160.00,530.00,1046.00, 0.51
160.50,498.00,1028.00, 0.48
161.00,535.00,1017.00, 0.53
161.50,518.00,1051.00, 0.49
162.00,535.00,1063.00, 0.50
162.50,527.00,1021.00, 0.52
163.00,527.00,1087.00, 0.48
163.50,519.00,1023.00, 0.51
164.00,515.00,1028.00, 0.50
164.50,560.00,1054.00, 0.53
165.00,500.00,1049.00, 0.48
165.50,569.00,1077.00, 0.53
166.00,535.00,1056.00, 0.51
166.50,519.00,1056.00, 0.49
167.00,576.00,1122.00, 0.51
167.50,590.00,1129.00, 0.52
168.00,587.00,1153.00, 0.51
168.50,578.00,1101.00, 0.52
169.00,567.00,1117.00, 0.51
169.50,621.00,1019.00, 0.61
170.00,627.00,1144.00, 0.55
170.50,577.00,1147.00, 0.50
171.00,628.00,1161.00, 0.54
171.50,651.00,1180.00, 0.55
172.00,606.00,1181.00, 0.51
172.50,666.00,1137.00, 0.59
173.00,648.00,1270.00, 0.51
173.50,620.00,1241.00, 0.50
174.00,638.00,1199.00, 0.53
174.50,707.00,1238.00, 0.57
175.00,642.00,1276.00, 0.50
175.50,688.00,1248.00, 0.55
176.00,707.00,1308.00, 0.54
176.50,668.00,1241.00, 0.54
177.00,665.00,1291.00, 0.52
177.50,700.00,1258.00, 0.56
178.00,801.00,1348.00, 0.59
178.50,723.00,1361.00, 0.53
179.00,733.00,1350.00, 0.54
179.50,803.00,1398.00, 0.57
180.00,745.00,1408.00, 0.53
180.50,787.00,1388.00, 0.57
181.00,789.00,1477.00, 0.53
181.50,798.00,1437.00, 0.56
182.00,802.00,1469.00, 0.55
182.50,826.00,1494.00, 0.55
183.00,874.00,1502.00, 0.58
183.50,829.00,1501.00, 0.55
184.00,852.00,1512.00, 0.56
184.50,878.00,1588.00, 0.55
185.00,909.00,1571.00, 0.58
185.50,949.00,1641.00, 0.58
186.00,1025.00,1658.00, 0.62
186.50,978.00,1621.00, 0.60
187.00,926.00,1672.00, 0.55
187.50,1024.00,1681.00, 0.61
188.00,995.00,1739.00, 0.57
188.50,1015.00,1689.00, 0.60
189.00,987.00,1717.00, 0.57
189.50,1089.00,1899.00, 0.57
190.00,1082.00,1718.00, 0.63
190.50,1079.00,1783.00, 0.61
191.00,1079.00,1936.00, 0.56
191.50,1115.00,1913.00, 0.58
192.00,1124.00,1963.00, 0.57
192.50,1190.00,1952.00, 0.61
193.00,1152.00,2028.00, 0.57
193.50,1180.00,1915.00, 0.62
194.00,1169.00,2007.00, 0.58
194.50,1161.00,2109.00, 0.55
195.00,1196.00,2123.00, 0.56
195.50,1218.00,2142.00, 0.57
196.00,1336.00,2108.00, 0.63
196.50,1277.00,2120.00, 0.60
197.00,1278.00,2241.00, 0.57
197.50,1342.00,2217.00, 0.61
198.00,1383.00,2313.00, 0.60
198.50,1376.00,2248.00, 0.61
199.00,1383.00,2405.00, 0.58
199.50,1368.00,2255.00, 0.61
200.00,1410.00,2277.00, 0.62
200.50,1483.00,2428.00, 0.61
201.00,1507.00,2411.00, 0.63
201.50,1528.00,2567.00, 0.60
202.00,1448.00,2570.00, 0.56
202.50,1604.00,2494.00, 0.64
203.00,1606.00,2520.00, 0.64
203.50,1589.00,2651.00, 0.60
204.00,1647.00,2592.00, 0.64
204.50,1625.00,2629.00, 0.62
205.00,1639.00,2696.00, 0.61
205.50,1663.00,2650.00, 0.63
206.00,1641.00,2725.00, 0.60
206.50,1762.00,2836.00, 0.62
207.00,1706.00,2845.00, 0.60
207.50,1813.00,2840.00, 0.64
208.00,1744.00,2893.00, 0.60
208.50,1822.00,2936.00, 0.62
209.00,1890.00,2923.00, 0.65
209.50,1948.00,2966.00, 0.66
210.00,1876.00,2987.00, 0.63
210.50,1927.00,3092.00, 0.62
211.00,1897.00,3089.00, 0.61
211.50,1869.00,3044.00, 0.61
212.00,1996.00,3147.00, 0.63
212.50,1962.00,3081.00, 0.64
213.00,1916.00,3292.00, 0.58
213.50,2030.00,3242.00, 0.63
214.00,2024.00,3264.00, 0.62
214.50,2085.00,3248.00, 0.64
215.00,2089.00,3284.00, 0.64
215.50,2129.00,3328.00, 0.64
216.00,2167.00,3261.00, 0.66
216.50,2099.00,3359.00, 0.62
217.00,2172.00,3258.00, 0.67
217.50,2185.00,3527.00, 0.62
218.00,2201.00,3481.00, 0.63
218.50,2185.00,3533.00, 0.62
219.00,2176.00,3507.00, 0.62
219.50,2246.00,3566.00, 0.63
220.00,2360.00,3571.00, 0.66
220.50,2270.00,3598.00, 0.63
221.00,2346.00,3590.00, 0.65
221.50,2261.00,3681.00, 0.61
222.00,2346.00,3736.00, 0.63
222.50,2330.00,3736.00, 0.62
223.00,2329.00,3662.00, 0.64
223.50,2365.00,3821.00, 0.62
224.00,2412.00,3753.00, 0.64
224.50,2377.00,3896.00, 0.61
225.00,2458.00,3749.00, 0.66
225.50,2526.00,3769.00, 0.67
226.00,2502.00,3788.00, 0.66
226.50,2448.00,3796.00, 0.64
227.00,2553.00,3929.00, 0.65
227.50,2521.00,3838.00, 0.66
228.00,2539.00,4055.00, 0.63
228.50,2626.00,3938.00, 0.67
229.00,2631.00,3977.00, 0.66
229.50,2665.00,3840.00, 0.69
230.00,2658.00,4119.00, 0.65
230.50,2663.00,4137.00, 0.64
231.00,2590.00,3973.00, 0.65
231.50,2668.00,4222.00, 0.63
232.00,2756.00,4167.00, 0.66
232.50,2620.00,4186.00, 0.63
233.00,2644.00,4176.00, 0.63
233.50,2757.00,4187.00, 0.66
234.00,2567.00,4198.00, 0.61
234.50,2800.00,4240.00, 0.66
235.00,2851.00,4293.00, 0.66
235.50,2718.00,4420.00, 0.61
236.00,2758.00,4413.00, 0.62
236.50,2831.00,4168.00, 0.68
237.00,2880.00,4438.00, 0.65
237.50,2929.00,4269.00, 0.69
238.00,2901.00,4297.00, 0.68
238.50,2899.00,4499.00, 0.64
239.00,2855.00,4459.00, 0.64
239.50,2971.00,4364.00, 0.68
240.00,2862.00,4538.00, 0.63
240.50,2873.00,4593.00, 0.63
241.00,3014.00,4479.00, 0.67
241.50,2922.00,4336.00, 0.67
242.00,2865.00,4528.00, 0.63
242.50,2910.00,4441.00, 0.66
243.00,3043.00,4509.00, 0.67
243.50,2951.00,4587.00, 0.64
244.00,2990.00,4707.00, 0.64
244.50,3032.00,4581.00, 0.66
245.00,3053.00,4624.00, 0.66
245.50,3116.00,4660.00, 0.67
246.00,3049.00,4655.00, 0.65
246.50,2992.00,4660.00, 0.64
247.00,3027.00,4824.00, 0.63
247.50,3039.00,4804.00, 0.63
248.00,3193.00,4650.00, 0.69
248.50,2934.00,4687.00, 0.63
249.00,3093.00,4824.00, 0.64
249.50,3115.00,4709.00, 0.66
250.00,3050.00,4786.00, 0.64
250.50,3091.00,4774.00, 0.65
251.00,3124.00,4894.00, 0.64
251.50,3245.00,4869.00, 0.67
252.00,3229.00,4901.00, 0.66
252.50,3160.00,4870.00, 0.65
253.00,3160.00,4907.00, 0.64
253.50,3276.00,4813.00, 0.68
254.00,3336.00,4812.00, 0.69
254.50,3284.00,4814.00, 0.68
255.00,3176.00,4960.00, 0.64
255.50,3247.00,4899.00, 0.66
256.00,3278.00,4918.00, 0.67
256.50,3212.00,5014.00, 0.64
257.00,3286.00,4808.00, 0.68
257.50,3414.00,4916.00, 0.69
258.00,3305.00,5074.00, 0.65
258.50,3260.00,5094.00, 0.64
259.00,3307.00,5148.00, 0.64
259.50,3276.00,5021.00, 0.65
260.00,3336.00,5130.00, 0.65
260.50,3305.00,5068.00, 0.65
261.00,3330.00,4943.00, 0.67
261.50,3299.00,5111.00, 0.65
262.00,3363.00,5159.00, 0.65
262.50,3441.00,5097.00, 0.68
263.00,3420.00,5148.00, 0.66
263.50,3487.00,5182.00, 0.67
264.00,3453.00,5147.00, 0.67
264.50,3442.00,5200.00, 0.66
265.00,3406.00,5170.00, 0.66
265.50,3457.00,5170.00, 0.67
266.00,3627.00,5150.00, 0.70
266.50,3436.00,5297.00, 0.65
267.00,3376.00,5234.00, 0.65
267.50,3389.00,5310.00, 0.64
268.00,3514.00,5278.00, 0.67
268.50,3367.00,5185.00, 0.65
269.00,3395.00,5293.00, 0.64
269.50,3565.00,5152.00, 0.69
270.00,3576.00,5293.00, 0.68
270.50,3384.00,5282.00, 0.64
271.00,3497.00,5264.00, 0.66
271.50,3450.00,5307.00, 0.65
272.00,3561.00,5204.00, 0.68
272.50,3477.00,5333.00, 0.65
273.00,3507.00,5385.00, 0.65
273.50,3541.00,5356.00, 0.66
274.00,3611.00,5578.00, 0.65
274.50,3602.00,5459.00, 0.66
275.00,3696.00,5443.00, 0.68
275.50,3599.00,5414.00, 0.66
276.00,3682.00,5297.00, 0.70
276.50,3632.00,5564.00, 0.65
277.00,3568.00,5484.00, 0.65
277.50,3653.00,5400.00, 0.68
278.00,3599.00,5489.00, 0.66
278.50,3619.00,5475.00, 0.66
279.00,3653.00,5545.00, 0.66
279.50,3581.00,5512.00, 0.65
280.00,3668.00,5512.00, 0.67
280.50,3640.00,5582.00, 0.65
281.00,3737.00,5456.00, 0.68
281.50,3612.00,5623.00, 0.64
282.00,3647.00,5493.00, 0.66
282.50,3628.00,5493.00, 0.66
283.00,3637.00,5631.00, 0.65
283.50,3620.00,5484.00, 0.66
284.00,3599.00,5673.00, 0.63
284.50,3656.00,5502.00, 0.66
285.00,3741.00,5643.00, 0.66
285.50,3674.00,5739.00, 0.64
286.00,3727.00,5648.00, 0.66
286.50,3738.00,5603.00, 0.67
287.00,3763.00,5696.00, 0.66
287.50,3790.00,5721.00, 0.66
288.00,3712.00,5605.00, 0.66
288.50,3700.00,5594.00, 0.66
289.00,3708.00,5780.00, 0.64
289.50,3753.00,5852.00, 0.64
290.00,3799.00,5680.00, 0.67
290.50,3827.00,5726.00, 0.67
291.00,3775.00,5775.00, 0.65
291.50,3818.00,5601.00, 0.68
292.00,3771.00,5962.00, 0.63
292.50,3773.00,5773.00, 0.65
293.00,3832.00,5853.00, 0.65
293.50,3761.00,5746.00, 0.65
294.00,3682.00,5826.00, 0.63
294.50,3873.00,5857.00, 0.66
295.00,3868.00,5736.00, 0.67
295.50,3889.00,5926.00, 0.66
296.00,3811.00,5834.00, 0.65
296.50,3850.00,5818.00, 0.66
297.00,3805.00,5826.00, 0.65
297.50,3912.00,5915.00, 0.66
298.00,3916.00,5762.00, 0.68
298.50,3897.00,5711.00, 0.68
299.00,3798.00,5877.00, 0.65
299.50,3889.00,5849.00, 0.66
300.00,3912.00,5941.00, 0.66
300.50,3846.00,5916.00, 0.65
301.00,3812.00,5857.00, 0.65
301.50,3861.00,6001.00, 0.64
302.00,3881.00,5855.00, 0.66
302.50,3899.00,5804.00, 0.67
303.00,3970.00,5938.00, 0.67
303.50,3935.00,5903.00, 0.67
304.00,3740.00,5916.00, 0.63
304.50,3948.00,5873.00, 0.67
305.00,3905.00,5951.00, 0.66
305.50,3901.00,5962.00, 0.65
306.00,3949.00,5945.00, 0.66
306.50,3937.00,5937.00, 0.66
307.00,3959.00,6037.00, 0.66
307.50,3936.00,5988.00, 0.66
308.00,3959.00,6020.00, 0.66
308.50,4018.00,6151.00, 0.65
309.00,3922.00,5999.00, 0.65
309.50,4044.00,5998.00, 0.67
310.00,3928.00,6035.00, 0.65
310.50,3997.00,6081.00, 0.66
311.00,3984.00,6120.00, 0.65
311.50,4006.00,6025.00, 0.66
312.00,4034.00,6045.00, 0.67
312.50,4023.00,6234.00, 0.65
313.00,3988.00,6033.00, 0.66
313.50,4038.00,6061.00, 0.67
314.00,4031.00,6145.00, 0.66
314.50,4011.00,6078.00, 0.66
315.00,4077.00,6243.00, 0.65
315.50,4048.00,6153.00, 0.66
316.00,4109.00,6187.00, 0.66
316.50,4003.00,6204.00, 0.65
317.00,4128.00,6253.00, 0.66
317.50,4077.00,6015.00, 0.68
318.00,4038.00,6272.00, 0.64
318.50,4136.00,6315.00, 0.65
319.00,4083.00,5951.00, 0.69
319.50,4155.00,6310.00, 0.66
320.00,3996.00,6174.00, 0.65
320.50,4002.00,6105.00, 0.66
321.00,4104.00,6367.00, 0.64
321.50,4043.00,6471.00, 0.62
322.00,4084.00,6078.00, 0.67
322.50,4052.00,6139.00, 0.66
323.00,4119.00,6101.00, 0.68
323.50,4128.00,6372.00, 0.65
324.00,4117.00,6300.00, 0.65
324.50,4044.00,6170.00, 0.66
325.00,3998.00,6313.00, 0.63
325.50,4196.00,6217.00, 0.67
326.00,4094.00,6146.00, 0.67
326.50,4150.00,6246.00, 0.66
327.00,4191.00,6237.00, 0.67
327.50,4074.00,6356.00, 0.64
328.00,4143.00,6393.00, 0.65
328.50,4084.00,6035.00, 0.68
329.00,4144.00,6261.00, 0.66
329.50,4047.00,6330.00, 0.64
330.00,4126.00,6471.00, 0.64
330.50,4285.00,6117.00, 0.70
331.00,4229.00,6313.00, 0.67
331.50,4058.00,6289.00, 0.65
332.00,4145.00,6258.00, 0.66
332.50,4165.00,6561.00, 0.63
333.00,4163.00,6141.00, 0.68
333.50,4135.00,6420.00, 0.64
334.00,4273.00,6343.00, 0.67
334.50,4069.00,6409.00, 0.63
335.00,4153.00,6319.00, 0.66
335.50,4233.00,6334.00, 0.67
336.00,4162.00,6327.00, 0.66
336.50,4226.00,6285.00, 0.67
337.00,4196.00,6329.00, 0.66
337.50,4296.00,6328.00, 0.68
338.00,4125.00,6407.00, 0.64
338.50,4174.00,6380.00, 0.65
339.00,4152.00,6466.00, 0.64
339.50,4150.00,6314.00, 0.66
340.00,4137.00,6401.00, 0.65
340.50,4171.00,6342.00, 0.66
341.00,4234.00,6356.00, 0.67
341.50,4192.00,6380.00, 0.66
342.00,4322.00,6400.00, 0.68
342.50,4277.00,6550.00, 0.65
343.00,4255.00,6491.00, 0.66
343.50,4287.00,6505.00, 0.66
344.00,4199.00,6399.00, 0.66
344.50,4141.00,6437.00, 0.64
345.00,4226.00,6306.00, 0.67
345.50,4183.00,6578.00, 0.64
346.00,4181.00,6445.00, 0.65
346.50,4008.00,6365.00, 0.63
347.00,4187.00,6450.00, 0.65
347.50,4240.00,6611.00, 0.64
348.00,4245.00,6416.00, 0.66
348.50,4307.00,6385.00, 0.67
349.00,4336.00,6625.00, 0.65
349.50,4253.00,6529.00, 0.65
350.00,4261.00,6507.00, 0.65
350.50,4217.00,6497.00, 0.65
351.00,4236.00,6481.00, 0.65
351.50,4284.00,6460.00, 0.66
352.00,4339.00,6567.00, 0.66
352.50,4333.00,6540.00, 0.66
353.00,4366.00,6551.00, 0.67
353.50,4217.00,6578.00, 0.64
354.00,4405.00,6535.00, 0.67
354.50,4318.00,6480.00, 0.67
355.00,4206.00,6397.00, 0.66
355.50,4218.00,6494.00, 0.65
356.00,4297.00,6493.00, 0.66
356.50,4396.00,6496.00, 0.68
357.00,4270.00,6560.00, 0.65
357.50,4328.00,6669.00, 0.65
358.00,4292.00,6548.00, 0.66
358.50,4290.00,6540.00, 0.66
359.00,4360.00,6551.00, 0.67
359.50,4162.00,6600.00, 0.63
360.00,4466.00,6521.00, 0.68
360.50,4295.00,6712.00, 0.64
361.00,4420.00,6630.00, 0.67
361.50,4249.00,6684.00, 0.64
362.00,4296.00,6537.00, 0.66
362.50,4272.00,6675.00, 0.64
363.00,4253.00,6554.00, 0.65
363.50,4306.00,6699.00, 0.64
364.00,4410.00,6559.00, 0.67
364.50,4364.00,6535.00, 0.67
365.00,4440.00,6572.00, 0.68
365.50,4303.00,6573.00, 0.65
366.00,4372.00,6703.00, 0.65
366.50,4497.00,6668.00, 0.67
367.00,4320.00,6672.00, 0.65
367.50,4326.00,6640.00, 0.65
368.00,4467.00,6550.00, 0.68
368.50,4201.00,6832.00, 0.61
369.00,4408.00,6695.00, 0.66
369.50,4448.00,6699.00, 0.66
370.00,4265.00,6626.00, 0.64
370.50,4419.00,6653.00, 0.66
371.00,4314.00,6632.00, 0.65
371.50,4402.00,6762.00, 0.65
372.00,4471.00,6722.00, 0.67
372.50,4244.00,6684.00, 0.63
373.00,4392.00,6776.00, 0.65
373.50,4240.00,6741.00, 0.63
374.00,4396.00,6875.00, 0.64
374.50,4395.00,6763.00, 0.65
375.00,4464.00,6896.00, 0.65
375.50,4343.00,6916.00, 0.63
376.00,4383.00,6777.00, 0.65
376.50,4390.00,6658.00, 0.66
377.00,4376.00,6649.00, 0.66
377.50,4357.00,6736.00, 0.65
378.00,4367.00,6791.00, 0.64
378.50,4417.00,6794.00, 0.65
379.00,4600.00,6869.00, 0.67
379.50,4365.00,6675.00, 0.65
380.00,4467.00,6790.00, 0.66
380.50,4365.00,6668.00, 0.65
381.00,4390.00,6855.00, 0.64
381.50,4465.00,6860.00, 0.65
382.00,4329.00,6785.00, 0.64
382.50,4418.00,6762.00, 0.65
383.00,4372.00,6682.00, 0.65
383.50,4396.00,6725.00, 0.65
384.00,4400.00,6943.00, 0.63
384.50,4415.00,6965.00, 0.63
385.00,4465.00,6780.00, 0.66
385.50,4345.00,6849.00, 0.63
386.00,4557.00,6791.00, 0.67
386.50,4394.00,6910.00, 0.64
387.00,4397.00,6792.00, 0.65
387.50,4396.00,6823.00, 0.64
388.00,4526.00,6971.00, 0.65
388.50,4423.00,6808.00, 0.65
389.00,4546.00,6994.00, 0.65
389.50,4412.00,7057.00, 0.63
390.00,4463.00,6905.00, 0.65
390.50,4536.00,6912.00, 0.66
391.00,4595.00,6913.00, 0.66
391.50,4475.00,6923.00, 0.65
392.00,4580.00,6937.00, 0.66
392.50,4539.00,6975.00, 0.65
393.00,4588.00,6883.00, 0.67
393.50,4563.00,7006.00, 0.65
394.00,4481.00,6882.00, 0.65
394.50,4669.00,6959.00, 0.67
395.00,4544.00,6810.00, 0.67
395.50,4480.00,6896.00, 0.65
396.00,4588.00,6971.00, 0.66
396.50,4555.00,6979.00, 0.65
397.00,4533.00,6967.00, 0.65
397.50,4435.00,6906.00, 0.64
398.00,4559.00,6974.00, 0.65
398.50,4594.00,6916.00, 0.66
399.00,4700.00,6877.00, 0.68
399.50,4485.00,6934.00, 0.65
400.00,4579.00,6983.00, 0.66
400.50,4589.00,6828.00, 0.67
401.00,4508.00,6959.00, 0.65
401.50,4529.00,6871.00, 0.66
402.00,4498.00,7075.00, 0.64
402.50,4430.00,6970.00, 0.64
403.00,4630.00,6966.00, 0.66
403.50,4584.00,6992.00, 0.66
404.00,4599.00,6937.00, 0.66
404.50,4551.00,6933.00, 0.66
405.00,4602.00,6926.00, 0.66
405.50,4430.00,7000.00, 0.63
406.00,4476.00,6926.00, 0.65
406.50,4628.00,6985.00, 0.66
407.00,4640.00,7216.00, 0.64
407.50,4382.00,7125.00, 0.62
408.00,4687.00,7117.00, 0.66
408.50,4488.00,7035.00, 0.64
409.00,4662.00,6999.00, 0.67
409.50,4649.00,6962.00, 0.67
410.00,4748.00,7010.00, 0.68
410.50,4595.00,7170.00, 0.64
411.00,4634.00,6922.00, 0.67
411.50,4608.00,7140.00, 0.65
412.00,4611.00,7248.00, 0.64
412.50,4555.00,7019.00, 0.65
413.00,4611.00,7115.00, 0.65
413.50,4613.00,7204.00, 0.64
414.00,4522.00,7144.00, 0.63
414.50,4578.00,7012.00, 0.65
415.00,4592.00,7011.00, 0.65
415.50,4584.00,7132.00, 0.64
416.00,4614.00,6990.00, 0.66
416.50,4647.00,7103.00, 0.65
417.00,4667.00,7173.00, 0.65
417.50,4577.00,7054.00, 0.65
418.00,4756.00,7058.00, 0.67
418.50,4682.00,7171.00, 0.65
419.00,4665.00,7147.00, 0.65
419.50,4512.00,7063.00, 0.64
420.00,4656.00,7218.00, 0.65
420.50,4637.00,7152.00, 0.65
421.00,4622.00,7102.00, 0.65
421.50,4675.00,7133.00, 0.66
422.00,4609.00,7252.00, 0.64
422.50,4605.00,7138.00, 0.65
423.00,4624.00,7237.00, 0.64
423.50,4505.00,7052.00, 0.64
424.00,4697.00,7168.00, 0.66
424.50,4638.00,7172.00, 0.65
425.00,4591.00,7239.00, 0.63
425.50,4636.00,7165.00, 0.65
426.00,4598.00,7160.00, 0.64
426.50,4638.00,7169.00, 0.65
427.00,4628.00,7235.00, 0.64
427.50,4568.00,7252.00, 0.63
428.00,4769.00,7273.00, 0.66
428.50,4627.00,7070.00, 0.65
429.00,4469.00,7222.00, 0.62
429.50,4614.00,7295.00, 0.63
430.00,4668.00,7162.00, 0.65
430.50,4580.00,7196.00, 0.64
431.00,4614.00,7287.00, 0.63
431.50,4792.00,7247.00, 0.66
432.00,4756.00,7272.00, 0.65
432.50,4656.00,7241.00, 0.64
433.00,4654.00,7326.00, 0.64
433.50,4678.00,7380.00, 0.63
434.00,4775.00,7394.00, 0.65
434.50,4632.00,7194.00, 0.64
435.00,4722.00,7360.00, 0.64
435.50,4724.00,7307.00, 0.65
436.00,4762.00,7285.00, 0.65
436.50,4828.00,7280.00, 0.66
437.00,4789.00,7292.00, 0.66
437.50,4621.00,7323.00, 0.63
438.00,4775.00,7341.00, 0.65
438.50,4750.00,7320.00, 0.65
439.00,4563.00,7202.00, 0.63
439.50,4756.00,7207.00, 0.66
440.00,4677.00,7264.00, 0.64
440.50,4626.00,7335.00, 0.63
441.00,4832.00,7414.00, 0.65
441.50,4719.00,7395.00, 0.64
442.00,4639.00,7355.00, 0.63
442.50,4663.00,7301.00, 0.64
443.00,4694.00,7360.00, 0.64
443.50,4674.00,7325.00, 0.64
444.00,4697.00,7316.00, 0.64
444.50,4725.00,7365.00, 0.64
445.00,4816.00,7302.00, 0.66
445.50,4709.00,7472.00, 0.63
446.00,4699.00,7424.00, 0.63
446.50,4803.00,7374.00, 0.65
447.00,4684.00,7297.00, 0.64
447.50,4844.00,7381.00, 0.66
448.00,4552.00,7368.00, 0.62
448.50,4665.00,7353.00, 0.63
449.00,4819.00,7377.00, 0.65
449.50,4782.00,7489.00, 0.64
450.00,4724.00,7292.00, 0.65
450.50,4674.00,7355.00, 0.64
451.00,4752.00,7355.00, 0.65
451.50,4719.00,7416.00, 0.64
452.00,4695.00,7513.00, 0.62
452.50,4803.00,7378.00, 0.65
453.00,4756.00,7451.00, 0.64
453.50,4725.00,7390.00, 0.64
454.00,4656.00,7427.00, 0.63
454.50,4812.00,7470.00, 0.64
455.00,4742.00,7434.00, 0.64
455.50,4704.00,7473.00, 0.63
456.00,4823.00,7462.00, 0.65
456.50,4818.00,7418.00, 0.65
457.00,4806.00,7425.00, 0.65
457.50,4678.00,7466.00, 0.63
458.00,4730.00,7493.00, 0.63
458.50,4793.00,7580.00, 0.63
459.00,4688.00,7387.00, 0.63
459.50,4733.00,7476.00, 0.63
460.00,4777.00,7486.00, 0.64
460.50,4689.00,7435.00, 0.63
461.00,4677.00,7408.00, 0.63
461.50,4881.00,7384.00, 0.66
462.00,4830.00,7359.00, 0.66
462.50,4736.00,7448.00, 0.64
463.00,4925.00,7594.00, 0.65
463.50,4705.00,7347.00, 0.64
464.00,4962.00,7513.00, 0.66
464.50,4788.00,7600.00, 0.63
465.00,4867.00,7345.00, 0.66
465.50,4785.00,7667.00, 0.62
466.00,4838.00,7438.00, 0.65
466.50,4925.00,7569.00, 0.65
467.00,4703.00,7526.00, 0.62
467.50,4894.00,7586.00, 0.65
468.00,4741.00,7531.00, 0.63
468.50,4732.00,7752.00, 0.61
469.00,4816.00,7636.00, 0.63
469.50,4825.00,7495.00, 0.64
470.00,4844.00,7656.00, 0.63
470.50,4753.00,7406.00, 0.64
471.00,4821.00,7643.00, 0.63
471.50,4717.00,7536.00, 0.63
472.00,4799.00,7532.00, 0.64
472.50,4783.00,7699.00, 0.62
473.00,4781.00,7705.00, 0.62
473.50,4929.00,7723.00, 0.64
474.00,4802.00,7447.00, 0.64
474.50,4885.00,7648.00, 0.64
475.00,4914.00,7727.00, 0.64
475.50,4876.00,7603.00, 0.64
476.00,4750.00,7651.00, 0.62
476.50,4944.00,7601.00, 0.65
477.00,4836.00,7756.00, 0.62
477.50,4872.00,7490.00, 0.65
478.00,4720.00,7644.00, 0.62
478.50,4901.00,7584.00, 0.65
479.00,4844.00,7745.00, 0.63
479.50,4872.00,7670.00, 0.64
480.00,4879.00,7818.00, 0.62
480.50,4829.00,7750.00, 0.62
481.00,4828.00,7556.00, 0.64
481.50,4805.00,7703.00, 0.62
482.00,4877.00,7714.00, 0.63
482.50,4883.00,7533.00, 0.65
483.00,4964.00,7764.00, 0.64
483.50,4889.00,7695.00, 0.64
484.00,4820.00,7614.00, 0.63
484.50,4817.00,7796.00, 0.62
485.00,4880.00,7819.00, 0.62
485.50,4791.00,7680.00, 0.62
486.00,4888.00,7551.00, 0.65
486.50,4877.00,7696.00, 0.63
487.00,4820.00,7644.00, 0.63
487.50,4884.00,7657.00, 0.64
488.00,4934.00,7607.00, 0.65
488.50,4868.00,7904.00, 0.62
489.00,4903.00,7665.00, 0.64
489.50,5071.00,7659.00, 0.66
490.00,5025.00,7750.00, 0.65
490.50,4920.00,7745.00, 0.64
491.00,4816.00,7729.00, 0.62
491.50,5020.00,7819.00, 0.64
492.00,4934.00,7844.00, 0.63
492.50,4951.00,7872.00, 0.63
493.00,4976.00,7606.00, 0.65
493.50,4983.00,7968.00, 0.63
494.00,5014.00,7783.00, 0.64
494.50,4928.00,7674.00, 0.64
495.00,4872.00,7752.00, 0.63
495.50,4907.00,7859.00, 0.62
496.00,4954.00,7703.00, 0.64
496.50,5011.00,7920.00, 0.63
497.00,4806.00,7804.00, 0.62
497.50,4968.00,7914.00, 0.63
498.00,5027.00,7930.00, 0.63
498.50,4889.00,7899.00, 0.62
499.00,4968.00,7882.00, 0.63
499.50,4955.00,7920.00, 0.63
500.00,4952.00,8027.00, 0.62
500.50,4967.00,7825.00, 0.63
501.00,4940.00,7860.00, 0.63
501.50,4872.00,8002.00, 0.61
502.00,4841.00,7804.00, 0.62
502.50,4877.00,7893.00, 0.62
503.00,4940.00,8092.00, 0.61
503.50,5005.00,8044.00, 0.62
504.00,5041.00,7857.00, 0.64
504.50,4905.00,7862.00, 0.62
505.00,5023.00,7943.00, 0.63
505.50,5017.00,8032.00, 0.62
506.00,5025.00,7739.00, 0.65
506.50,5011.00,7965.00, 0.63
507.00,5041.00,7946.00, 0.63
507.50,5075.00,7860.00, 0.65
508.00,5000.00,7859.00, 0.64
508.50,5009.00,7988.00, 0.63
509.00,4894.00,7938.00, 0.62
509.50,4947.00,8064.00, 0.61
510.00,5053.00,7804.00, 0.65
510.50,4955.00,7953.00, 0.62
511.00,4920.00,7863.00, 0.63
511.50,4832.00,8017.00, 0.60
512.00,4912.00,7959.00, 0.62
512.50,4984.00,7870.00, 0.63
513.00,5067.00,7929.00, 0.64
513.50,4967.00,7955.00, 0.62
514.00,5033.00,8113.00, 0.62
514.50,4987.00,7799.00, 0.64
515.00,5069.00,8065.00, 0.63
515.50,5158.00,8089.00, 0.64
516.00,4920.00,7831.00, 0.63
516.50,5024.00,7820.00, 0.64
517.00,4992.00,8044.00, 0.62
517.50,4985.00,7861.00, 0.63
518.00,5031.00,8030.00, 0.63
518.50,4993.00,7990.00, 0.62
519.00,4867.00,7852.00, 0.62
519.50,5019.00,7894.00, 0.64
520.00,4974.00,8005.00, 0.62
520.50,4978.00,8132.00, 0.61
521.00,4975.00,8032.00, 0.62
521.50,5030.00,8095.00, 0.62
522.00,5028.00,8145.00, 0.62
522.50,5045.00,8098.00, 0.62
523.00,5141.00,8077.00, 0.64
523.50,4939.00,7965.00, 0.62
524.00,5085.00,7961.00, 0.64
524.50,5028.00,8042.00, 0.63
525.00,4954.00,7814.00, 0.63
525.50,4935.00,8041.00, 0.61
526.00,4919.00,8251.00, 0.60
526.50,5087.00,8037.00, 0.63
527.00,4982.00,8053.00, 0.62
527.50,5016.00,7871.00, 0.64
528.00,5106.00,8027.00, 0.64
528.50,5005.00,8017.00, 0.62
529.00,4984.00,8061.00, 0.62
529.50,4957.00,8085.00, 0.61
530.00,5032.00,7918.00, 0.64
530.50,5130.00,8165.00, 0.63
531.00,4924.00,8018.00, 0.61
531.50,5012.00,8204.00, 0.61
532.00,5063.00,8013.00, 0.63
532.50,4978.00,8076.00, 0.62
533.00,5068.00,8230.00, 0.62
533.50,4925.00,8159.00, 0.60
534.00,5139.00,8039.00, 0.64
534.50,5092.00,8014.00, 0.64
535.00,4987.00,8136.00, 0.61
535.50,5197.00,8038.00, 0.65
536.00,5075.00,8174.00, 0.62
536.50,5097.00,7986.00, 0.64
537.00,5056.00,8136.00, 0.62
537.50,5003.00,8174.00, 0.61
538.00,4994.00,8234.00, 0.61
538.50,5107.00,7960.00, 0.64
539.00,5122.00,8119.00, 0.63
539.50,5039.00,8150.00, 0.62
540.00,5009.00,8231.00, 0.61
540.50,4975.00,8305.00, 0.60
541.00,5028.00,8190.00, 0.61
541.50,5078.00,8161.00, 0.62
542.00,4985.00,8131.00, 0.61
542.50,5243.00,8218.00, 0.64
543.00,5015.00,8148.00, 0.62
543.50,5015.00,8087.00, 0.62
544.00,5128.00,7943.00, 0.65
544.50,5044.00,8180.00, 0.62
545.00,5020.00,8167.00, 0.61
545.50,4895.00,8104.00, 0.60
546.00,5078.00,8084.00, 0.63
546.50,4932.00,8134.00, 0.61
547.00,5102.00,8152.00, 0.63
547.50,4953.00,8129.00, 0.61
548.00,5022.00,8107.00, 0.62
548.50,5090.00,8111.00, 0.63
549.00,5102.00,8191.00, 0.62
549.50,5099.00,8270.00, 0.62
550.00,5007.00,8063.00, 0.62
550.50,5009.00,8030.00, 0.62
551.00,5019.00,8143.00, 0.62
551.50,5049.00,8187.00, 0.62
552.00,4972.00,8190.00, 0.61
552.50,4840.00,8346.00, 0.58
553.00,5089.00,8187.00, 0.62
553.50,4957.00,8213.00, 0.60
554.00,5032.00,8085.00, 0.62
554.50,4873.00,8363.00, 0.58
555.00,5188.00,8034.00, 0.65
555.50,5111.00,8253.00, 0.62
556.00,5090.00,8233.00, 0.62
556.50,5019.00,8271.00, 0.61
557.00,5000.00,8277.00, 0.60
557.50,4998.00,8142.00, 0.61
558.00,5085.00,8145.00, 0.62
558.50,5048.00,8182.00, 0.62
559.00,4980.00,8225.00, 0.61
559.50,5016.00,8101.00, 0.62
560.00,5048.00,8297.00, 0.61
560.50,5069.00,8356.00, 0.61
561.00,5057.00,8223.00, 0.61
561.50,5081.00,8044.00, 0.63
562.00,5115.00,8197.00, 0.62
562.50,5011.00,8165.00, 0.61
563.00,4879.00,8339.00, 0.59
563.50,4911.00,8112.00, 0.61
564.00,4982.00,8215.00, 0.61
564.50,4996.00,8270.00, 0.60
565.00,5004.00,8162.00, 0.61
565.50,5041.00,8145.00, 0.62
566.00,4923.00,8325.00, 0.59
566.50,4783.00,8194.00, 0.58
567.00,5072.00,8214.00, 0.62
567.50,4932.00,8157.00, 0.60
568.00,5140.00,8284.00, 0.62
568.50,4792.00,8036.00, 0.60
569.00,5005.00,8197.00, 0.61
569.50,4932.00,8000.00, 0.62
570.00,4862.00,8109.00, 0.60
570.50,4961.00,8096.00, 0.61
571.00,4979.00,8159.00, 0.61
571.50,4931.00,8099.00, 0.61
572.00,4907.00,8215.00, 0.60
572.50,4905.00,8090.00, 0.61
573.00,4991.00,8136.00, 0.61
573.50,5112.00,8427.00, 0.61
574.00,4940.00,8055.00, 0.61
574.50,4939.00,8118.00, 0.61
575.00,4978.00,8210.00, 0.61
575.50,4983.00,8105.00, 0.61
576.00,5003.00,8198.00, 0.61
576.50,5019.00,8209.00, 0.61
577.00,4926.00,8152.00, 0.60
577.50,4987.00,8007.00, 0.62
578.00,4936.00,8274.00, 0.60
578.50,5062.00,8063.00, 0.63
579.00,4913.00,8266.00, 0.59
579.50,4930.00,8219.00, 0.60
580.00,4889.00,8147.00, 0.60
580.50,4963.00,8167.00, 0.61
581.00,4948.00,8038.00, 0.62
581.50,4975.00,8207.00, 0.61
582.00,4873.00,8280.00, 0.59
582.50,4912.00,8134.00, 0.60
583.00,5042.00,8400.00, 0.60
583.50,4899.00,8274.00, 0.59
584.00,4855.00,8107.00, 0.60
584.50,4893.00,8127.00, 0.60
585.00,4969.00,8115.00, 0.61
585.50,4868.00,8292.00, 0.59
586.00,4928.00,8262.00, 0.60
586.50,4946.00,8154.00, 0.61
587.00,4798.00,8287.00, 0.58
587.50,4871.00,8057.00, 0.60
588.00,4886.00,8117.00, 0.60
588.50,4827.00,8009.00, 0.60
589.00,4875.00,8188.00, 0.60
589.50,4814.00,8077.00, 0.60
590.00,4802.00,8084.00, 0.59
590.50,4958.00,8151.00, 0.61
591.00,5068.00,8105.00, 0.63
591.50,4865.00,8153.00, 0.60
592.00,4898.00,8049.00, 0.61
592.50,4880.00,8112.00, 0.60
593.00,4821.00,8256.00, 0.58
593.50,4883.00,7924.00, 0.62
594.00,4774.00,8063.00, 0.59
594.50,4858.00,8220.00, 0.59
595.00,4812.00,8124.00, 0.59
595.50,4779.00,8135.00, 0.59
596.00,4795.00,8083.00, 0.59
596.50,4835.00,8169.00, 0.59
597.00,4861.00,8145.00, 0.60
597.50,4660.00,7994.00, 0.58
598.00,4760.00,8146.00, 0.58
598.50,4762.00,8033.00, 0.59
599.00,4878.00,8088.00, 0.60
599.50,4805.00,8111.00, 0.59
600.00,4764.00,8070.00, 0.59
