Date/Time,23_04_19,17:31,
Operator,Felix Weihs,,
Consignment Number,,,
Sample Type,Other,,
Protocol,Sample,,
Temperature,27.9,,
Results,,,
Time,Green,Blue,Ratio
 0.50, 0.00, 0.00,  NaN
 1.00,687.00,1187.00, 0.58
 1.50,797.00,1248.00, 0.64
 2.00,804.00,1283.00, 0.63
 2.50,853.00,1315.00, 0.65
 3.00,817.00,1350.00, 0.61
 3.50,832.00,1291.00, 0.64
 4.00,842.00,1286.00, 0.65
 4.50,785.00,1318.00, 0.60
 5.00,804.00,1243.00, 0.65
 5.50,770.00,1270.00, 0.61
 6.00,796.00,1287.00, 0.62
 6.50,788.00,1318.00, 0.60
 7.00,788.00,1350.00, 0.58
 7.50,787.00,1324.00, 0.59
 8.00,780.00,1284.00, 0.61
 8.50,732.00,1245.00, 0.59
 9.00,758.00,1367.00, 0.55
 9.50,738.00,1280.00, 0.58
10.00,721.00,1250.00, 0.58
10.50,718.00,1281.00, 0.56
11.00,742.00,1252.00, 0.59
11.50,741.00,1242.00, 0.60
12.00,726.00,1197.00, 0.61
12.50,772.00,1218.00, 0.63
13.00,699.00,1272.00, 0.55
13.50,720.00,1256.00, 0.57
14.00,724.00,1294.00, 0.56
14.50,734.00,1322.00, 0.56
15.00,728.00,1288.00, 0.57
15.50,727.00,1234.00, 0.59
16.00,779.00,1245.00, 0.63
16.50,739.00,1301.00, 0.57
17.00,742.00,1234.00, 0.60
17.50,773.00,1351.00, 0.57
18.00,711.00,1239.00, 0.57
18.50,701.00,1279.00, 0.55
19.00,714.00,1264.00, 0.56
19.50,719.00,1264.00, 0.57
20.00,701.00,1301.00, 0.54
20.50,694.00,1253.00, 0.55
21.00,733.00,1244.00, 0.59
21.50,675.00,1306.00, 0.52
22.00,718.00,1281.00, 0.56
22.50,683.00,1276.00, 0.54
23.00,678.00,1297.00, 0.52
23.50,683.00,1363.00, 0.50
24.00,729.00,1232.00, 0.59
24.50,687.00,1325.00, 0.52
25.00,669.00,1335.00, 0.50
25.50,669.00,1223.00, 0.55
26.00,581.00,1177.00, 0.49
26.50,658.00,1188.00, 0.55
27.00,683.00,1197.00, 0.57
27.50,678.00,1270.00, 0.53
28.00,625.00,1251.00, 0.50
28.50,645.00,1261.00, 0.51
29.00,692.00,1288.00, 0.54
29.50,636.00,1198.00, 0.53
30.00,690.00,1176.00, 0.59
30.50,639.00,1157.00, 0.55
31.00,675.00,1271.00, 0.53
31.50,619.00,1240.00, 0.50
32.00,635.00,1262.00, 0.50
32.50,646.00,1260.00, 0.51
33.00,665.00,1229.00, 0.54
33.50,619.00,1257.00, 0.49
34.00,669.00,1193.00, 0.56
34.50,665.00,1222.00, 0.54
35.00,676.00,1171.00, 0.58
35.50,644.00,1242.00, 0.52
36.00,635.00,1199.00, 0.53
36.50,625.00,1173.00, 0.53
37.00,622.00,1165.00, 0.53
37.50,652.00,1202.00, 0.54
38.00,612.00,1154.00, 0.53
38.50,608.00,1232.00, 0.49
39.00,627.00,1149.00, 0.55
39.50,609.00,1186.00, 0.51
40.00,645.00,1119.00, 0.58
40.50,630.00,1200.00, 0.53
41.00,571.00,1126.00, 0.51
41.50,606.00,1246.00, 0.49
42.00,661.00,1171.00, 0.56
42.50,646.00,1226.00, 0.53
43.00,583.00,1186.00, 0.49
43.50,588.00,1193.00, 0.49
44.00,594.00,1188.00, 0.50
44.50,594.00,1226.00, 0.48
45.00,595.00,1163.00, 0.51
45.50,614.00,1148.00, 0.53
46.00,537.00,1213.00, 0.44
46.50,557.00,1232.00, 0.45
47.00,627.00,1171.00, 0.54
47.50,585.00,1207.00, 0.48
48.00,629.00,1147.00, 0.55
48.50,594.00,1202.00, 0.49
49.00,579.00,1144.00, 0.51
49.50,609.00,1169.00, 0.52
50.00,593.00,1190.00, 0.50
50.50,581.00,1161.00, 0.50
51.00,569.00,1145.00, 0.50
51.50,603.00,1205.00, 0.50
52.00,609.00,1171.00, 0.52
52.50,575.00,1155.00, 0.50
53.00,583.00,1195.00, 0.49
53.50,545.00,1152.00, 0.47
54.00,583.00,1126.00, 0.52
54.50,592.00,1133.00, 0.52
55.00,580.00,1147.00, 0.51
55.50,562.00,1115.00, 0.50
56.00,547.00,1168.00, 0.47
56.50,551.00,1139.00, 0.48
57.00,585.00,1124.00, 0.52
57.50,577.00,1250.00, 0.46
58.00,591.00,1134.00, 0.52
58.50,534.00,1146.00, 0.47
59.00,539.00,1112.00, 0.48
59.50,560.00,1103.00, 0.51
60.00,527.00,1150.00, 0.46
60.50,544.00,1075.00, 0.51
61.00,544.00,1186.00, 0.46
61.50,565.00,1150.00, 0.49
62.00,545.00,1113.00, 0.49
62.50,574.00,1161.00, 0.49
63.00,513.00,1129.00, 0.45
63.50,556.00,1088.00, 0.51
64.00,545.00,1126.00, 0.48
64.50,537.00,1100.00, 0.49
65.00,546.00,1143.00, 0.48
65.50,546.00,1131.00, 0.48
66.00,563.00,1155.00, 0.49
66.50,590.00,1048.00, 0.56
67.00,520.00,1084.00, 0.48
67.50,549.00,1116.00, 0.49
68.00,533.00,1082.00, 0.49
68.50,524.00,1164.00, 0.45
69.00,544.00,1139.00, 0.48
69.50,517.00,1133.00, 0.46
70.00,475.00,1131.00, 0.42
70.50,522.00,1127.00, 0.46
71.00,547.00,1114.00, 0.49
71.50,538.00,1082.00, 0.50
72.00,542.00,1058.00, 0.51
72.50,497.00,1140.00, 0.44
73.00,498.00,1085.00, 0.46
73.50,490.00,1088.00, 0.45
74.00,565.00,1119.00, 0.50
74.50,510.00,1075.00, 0.47
75.00,511.00,1051.00, 0.49
75.50,530.00,1123.00, 0.47
76.00,554.00,1127.00, 0.49
76.50,507.00,1140.00, 0.44
77.00,544.00,1028.00, 0.53
77.50,511.00,1126.00, 0.45
78.00,494.00,1112.00, 0.44
78.50,546.00,1106.00, 0.49
79.00,514.00,1108.00, 0.46
79.50,519.00,1113.00, 0.47
80.00,518.00,1078.00, 0.48
80.50,500.00,1019.00, 0.49
81.00,489.00,1042.00, 0.47
81.50,503.00,1117.00, 0.45
82.00,503.00,1085.00, 0.46
82.50,487.00,1042.00, 0.47
83.00,503.00,1113.00, 0.45
83.50,488.00,1127.00, 0.43
84.00,485.00,1074.00, 0.45
84.50,477.00,1084.00, 0.44
85.00,482.00,1041.00, 0.46
85.50,503.00,1089.00, 0.46
86.00,474.00,1089.00, 0.44
86.50,459.00,1107.00, 0.41
87.00,475.00,1123.00, 0.42
87.50,498.00,1064.00, 0.47
88.00,492.00,1070.00, 0.46
88.50,489.00,1139.00, 0.43
89.00,483.00,1081.00, 0.45
89.50,479.00,1069.00, 0.45
90.00,484.00,1036.00, 0.47
90.50,521.00,1080.00, 0.48
91.00,486.00,1115.00, 0.44
91.50,519.00,1077.00, 0.48
92.00,502.00,1090.00, 0.46
92.50,507.00,1017.00, 0.50
93.00,457.00,990.00, 0.46
93.50,444.00,1084.00, 0.41
94.00,459.00,1081.00, 0.42
94.50,483.00,1003.00, 0.48
95.00,479.00,1119.00, 0.43
95.50,469.00,1087.00, 0.43
96.00,451.00,1038.00, 0.43
96.50,528.00,1050.00, 0.50
97.00,467.00,1038.00, 0.45
97.50,486.00,1029.00, 0.47
98.00,462.00,1019.00, 0.45
98.50,456.00,1062.00, 0.43
99.00,446.00,1048.00, 0.43
99.50,481.00,1060.00, 0.45
100.00,458.00,1104.00, 0.41
100.50,482.00,1037.00, 0.46
101.00,511.00,1075.00, 0.48
101.50,472.00,1091.00, 0.43
102.00,456.00,1049.00, 0.43
102.50,450.00,1047.00, 0.43
103.00,440.00,1010.00, 0.44
103.50,480.00,1082.00, 0.44
104.00,444.00,1086.00, 0.41
104.50,441.00,1131.00, 0.39
105.00,460.00,1027.00, 0.45
105.50,474.00,1053.00, 0.45
106.00,487.00,1110.00, 0.44
106.50,456.00,1073.00, 0.42
107.00,469.00,1030.00, 0.46
107.50,455.00,1016.00, 0.45
108.00,482.00,1125.00, 0.43
108.50,428.00,1077.00, 0.40
109.00,467.00,1063.00, 0.44
109.50,491.00,1052.00, 0.47
110.00,439.00,1093.00, 0.40
110.50,498.00,1048.00, 0.48
111.00,476.00,1062.00, 0.45
111.50,467.00,1012.00, 0.46
112.00,456.00,1098.00, 0.42
112.50,453.00,1109.00, 0.41
113.00,476.00,1051.00, 0.45
113.50,455.00,1044.00, 0.44
114.00,439.00,1045.00, 0.42
114.50,461.00,1076.00, 0.43
115.00,468.00,1009.00, 0.46
115.50,458.00,976.00, 0.47
116.00,418.00,1003.00, 0.42
116.50,459.00,1100.00, 0.42
117.00,447.00,1066.00, 0.42
117.50,452.00,1049.00, 0.43
118.00,439.00,1025.00, 0.43
118.50,467.00,1105.00, 0.42
119.00,405.00,1043.00, 0.39
119.50,438.00,1027.00, 0.43
120.00,442.00,1034.00, 0.43
120.50,460.00,1134.00, 0.41
121.00,426.00,1024.00, 0.42
121.50,421.00,1035.00, 0.41
122.00,448.00,997.00, 0.45
122.50,405.00,979.00, 0.41
123.00,467.00,1032.00, 0.45
123.50,399.00,1026.00, 0.39
124.00,450.00,1028.00, 0.44
124.50,417.00,987.00, 0.42
125.00,393.00,1043.00, 0.38
125.50,434.00,1037.00, 0.42
126.00,462.00,1046.00, 0.44
126.50,446.00,1033.00, 0.43
127.00,403.00,1007.00, 0.40
127.50,439.00,1029.00, 0.43
128.00,440.00,1038.00, 0.42
128.50,467.00,1052.00, 0.44
129.00,448.00,1018.00, 0.44
129.50,418.00,1011.00, 0.41
130.00,453.00,1062.00, 0.43
130.50,464.00,1031.00, 0.45
131.00,444.00,1027.00, 0.43
131.50,398.00,1087.00, 0.37
132.00,467.00,1004.00, 0.47
132.50,438.00,1081.00, 0.41
133.00,413.00,1013.00, 0.41
133.50,430.00,1088.00, 0.40
134.00,442.00,1041.00, 0.42
134.50,448.00,1085.00, 0.41
135.00,410.00,979.00, 0.42
135.50,427.00,1033.00, 0.41
136.00,430.00,1040.00, 0.41
136.50,423.00,1079.00, 0.39
137.00,474.00,1055.00, 0.45
137.50,432.00,1014.00, 0.43
138.00,424.00,1031.00, 0.41
138.50,477.00,1094.00, 0.44
139.00,428.00,1005.00, 0.43
139.50,423.00,1009.00, 0.42
140.00,447.00,1112.00, 0.40
140.50,417.00,1013.00, 0.41
141.00,437.00,1045.00, 0.42
141.50,403.00,1091.00, 0.37
142.00,399.00,1055.00, 0.38
142.50,397.00,1007.00, 0.39
143.00,398.00,1090.00, 0.37
143.50,412.00,1055.00, 0.39
144.00,417.00,981.00, 0.43
144.50,419.00,1043.00, 0.40
145.00,391.00,1097.00, 0.36
145.50,419.00,1038.00, 0.40
146.00,399.00,1026.00, 0.39
146.50,378.00,1039.00, 0.36
147.00,445.00,1030.00, 0.43
147.50,381.00,1049.00, 0.36
148.00,400.00,1119.00, 0.36
148.50,428.00,1061.00, 0.40
149.00,391.00,1026.00, 0.38
149.50,402.00,1012.00, 0.40
150.00,423.00,1079.00, 0.39
150.50,431.00,1061.00, 0.41
151.00,413.00,1025.00, 0.40
151.50,444.00,1047.00, 0.42
152.00,369.00,1109.00, 0.33
152.50,433.00,1117.00, 0.39
153.00,407.00,1006.00, 0.40
153.50,392.00,1083.00, 0.36
154.00,435.00,1047.00, 0.42
154.50,408.00,1047.00, 0.39
155.00,395.00,1038.00, 0.38
155.50,374.00,1079.00, 0.35
156.00,379.00,1063.00, 0.36
156.50,442.00,1047.00, 0.42
157.00,447.00,1061.00, 0.42
157.50,414.00,1169.00, 0.35
158.00,381.00,1043.00, 0.37
158.50,439.00,1089.00, 0.40
159.00,395.00,1037.00, 0.38
159.50,431.00,1086.00, 0.40
160.00,433.00,1067.00, 0.41
160.50,426.00,1048.00, 0.41
161.00,403.00,1089.00, 0.37
161.50,386.00,1133.00, 0.34
162.00,432.00,1013.00, 0.43
162.50,426.00,1057.00, 0.40
163.00,430.00,1063.00, 0.40
163.50,424.00,1101.00, 0.39
164.00,434.00,1026.00, 0.42
164.50,420.00,1049.00, 0.40
165.00,407.00,1147.00, 0.35
165.50,434.00,1119.00, 0.39
166.00,441.00,1217.00, 0.36
166.50,464.00,1128.00, 0.41
167.00,453.00,1143.00, 0.40
167.50,406.00,1165.00, 0.35
168.00,435.00,1151.00, 0.38
168.50,485.00,1176.00, 0.41
169.00,437.00,1136.00, 0.38
169.50,471.00,1121.00, 0.42
170.00,473.00,1218.00, 0.39
170.50,451.00,1206.00, 0.37
171.00,485.00,1145.00, 0.42
171.50,464.00,1285.00, 0.36
172.00,472.00,1214.00, 0.39
172.50,469.00,1233.00, 0.38
173.00,470.00,1285.00, 0.37
173.50,489.00,1249.00, 0.39
174.00,510.00,1292.00, 0.39
174.50,472.00,1223.00, 0.39
175.00,467.00,1280.00, 0.36
175.50,525.00,1322.00, 0.40
176.00,538.00,1228.00, 0.44
176.50,518.00,1281.00, 0.40
177.00,562.00,1290.00, 0.44
177.50,497.00,1298.00, 0.38
178.00,533.00,1296.00, 0.41
178.50,550.00,1379.00, 0.40
179.00,524.00,1415.00, 0.37
179.50,570.00,1369.00, 0.42
180.00,571.00,1430.00, 0.40
180.50,566.00,1454.00, 0.39
181.00,611.00,1494.00, 0.41
181.50,584.00,1439.00, 0.41
182.00,590.00,1543.00, 0.38
182.50,624.00,1471.00, 0.42
183.00,620.00,1506.00, 0.41
183.50,677.00,1532.00, 0.44
184.00,675.00,1616.00, 0.42
184.50,688.00,1631.00, 0.42
185.00,676.00,1538.00, 0.44
185.50,647.00,1566.00, 0.41
186.00,684.00,1663.00, 0.41
186.50,665.00,1674.00, 0.40
187.00,723.00,1746.00, 0.41
187.50,745.00,1726.00, 0.43
188.00,713.00,1823.00, 0.39
188.50,799.00,1829.00, 0.44
189.00,753.00,1797.00, 0.42
189.50,775.00,1873.00, 0.41
190.00,765.00,1853.00, 0.41
190.50,832.00,1959.00, 0.42
191.00,841.00,1982.00, 0.42
191.50,811.00,2066.00, 0.39
192.00,840.00,2049.00, 0.41
192.50,883.00,2102.00, 0.42
193.00,928.00,2124.00, 0.44
193.50,845.00,2132.00, 0.40
194.00,921.00,2171.00, 0.42
194.50,950.00,2220.00, 0.43
195.00,931.00,2245.00, 0.41
195.50,912.00,2330.00, 0.39
196.00,1001.00,2278.00, 0.44
196.50,981.00,2434.00, 0.40
197.00,955.00,2371.00, 0.40
197.50,1078.00,2566.00, 0.42
198.00,1087.00,2527.00, 0.43
198.50,1079.00,2604.00, 0.41
199.00,1083.00,2745.00, 0.39
199.50,1091.00,2642.00, 0.41
200.00,1153.00,2743.00, 0.42
200.50,1180.00,2737.00, 0.43
201.00,1181.00,2824.00, 0.42
201.50,1222.00,2870.00, 0.43
202.00,1190.00,2986.00, 0.40
202.50,1282.00,3113.00, 0.41
203.00,1257.00,3023.00, 0.42
203.50,1231.00,3047.00, 0.40
204.00,1314.00,3194.00, 0.41
204.50,1268.00,3210.00, 0.40
205.00,1403.00,3334.00, 0.42
205.50,1388.00,3366.00, 0.41
206.00,1419.00,3480.00, 0.41
206.50,1430.00,3526.00, 0.41
207.00,1500.00,3569.00, 0.42
207.50,1478.00,3660.00, 0.40
208.00,1512.00,3557.00, 0.43
208.50,1450.00,3746.00, 0.39
209.00,1577.00,4001.00, 0.39
209.50,1520.00,3717.00, 0.41
210.00,1614.00,3900.00, 0.41
210.50,1560.00,3967.00, 0.39
211.00,1651.00,3961.00, 0.42
211.50,1716.00,3999.00, 0.43
212.00,1672.00,4086.00, 0.41
212.50,1673.00,4058.00, 0.41
213.00,1715.00,4230.00, 0.41
213.50,1734.00,4364.00, 0.40
214.00,1790.00,4433.00, 0.40
214.50,1711.00,4471.00, 0.38
215.00,1845.00,4555.00, 0.41
215.50,1801.00,4599.00, 0.39
216.00,1876.00,4592.00, 0.41
216.50,1801.00,4737.00, 0.38
217.00,1958.00,4832.00, 0.41
217.50,1922.00,4737.00, 0.41
218.00,1915.00,4793.00, 0.40
218.50,1938.00,5003.00, 0.39
219.00,1958.00,5131.00, 0.38
219.50,2037.00,5228.00, 0.39
220.00,2016.00,5101.00, 0.40
220.50,2051.00,5203.00, 0.39
221.00,2043.00,5269.00, 0.39
221.50,2123.00,5281.00, 0.40
222.00,2073.00,5361.00, 0.39
222.50,2105.00,5447.00, 0.39
223.00,2191.00,5662.00, 0.39
223.50,2168.00,5524.00, 0.39
224.00,2164.00,5660.00, 0.38
224.50,2131.00,5653.00, 0.38
225.00,2191.00,5636.00, 0.39
225.50,2242.00,5845.00, 0.38
226.00,2187.00,5963.00, 0.37
226.50,2181.00,5944.00, 0.37
227.00,2257.00,5968.00, 0.38
227.50,2347.00,6137.00, 0.38
228.00,2286.00,6080.00, 0.38
228.50,2333.00,6163.00, 0.38
229.00,2257.00,6180.00, 0.37
229.50,2396.00,6247.00, 0.38
230.00,2400.00,6436.00, 0.37
230.50,2330.00,6312.00, 0.37
231.00,2456.00,6300.00, 0.39
231.50,2494.00,6506.00, 0.38
232.00,2442.00,6471.00, 0.38
232.50,2366.00,6618.00, 0.36
233.00,2496.00,6588.00, 0.38
233.50,2509.00,6701.00, 0.37
234.00,2556.00,6639.00, 0.38
234.50,2505.00,6851.00, 0.37
235.00,2508.00,6867.00, 0.37
235.50,2419.00,6879.00, 0.35
236.00,2510.00,7099.00, 0.35
236.50,2566.00,7040.00, 0.36
237.00,2584.00,7095.00, 0.36
237.50,2522.00,7086.00, 0.36
238.00,2564.00,7150.00, 0.36
238.50,2641.00,7110.00, 0.37
239.00,2647.00,7164.00, 0.37
239.50,2625.00,7233.00, 0.36
240.00,2608.00,7225.00, 0.36
240.50,2551.00,7236.00, 0.35
241.00,2729.00,7253.00, 0.38
241.50,2655.00,7453.00, 0.36
242.00,2856.00,7333.00, 0.39
242.50,2796.00,7484.00, 0.37
243.00,2748.00,7590.00, 0.36
243.50,2585.00,7458.00, 0.35
244.00,2724.00,7781.00, 0.35
244.50,2773.00,7696.00, 0.36
245.00,2663.00,7586.00, 0.35
245.50,2680.00,7572.00, 0.35
246.00,2713.00,7810.00, 0.35
246.50,2778.00,7893.00, 0.35
247.00,2744.00,7897.00, 0.35
247.50,2701.00,7868.00, 0.34
248.00,2702.00,7978.00, 0.34
248.50,2780.00,8116.00, 0.34
249.00,2738.00,7896.00, 0.35
249.50,2820.00,7960.00, 0.35
250.00,2786.00,7890.00, 0.35
250.50,2805.00,8167.00, 0.34
251.00,2709.00,8082.00, 0.34
251.50,2689.00,8115.00, 0.33
252.00,2779.00,8163.00, 0.34
252.50,2831.00,8131.00, 0.35
253.00,2885.00,8440.00, 0.34
253.50,2769.00,8238.00, 0.34
254.00,2846.00,8277.00, 0.34
254.50,2787.00,8397.00, 0.33
255.00,2788.00,8459.00, 0.33
255.50,2771.00,8535.00, 0.32
256.00,2880.00,8594.00, 0.34
256.50,2833.00,8589.00, 0.33
257.00,2776.00,8441.00, 0.33
257.50,2858.00,8609.00, 0.33
258.00,2825.00,8500.00, 0.33
258.50,2950.00,8621.00, 0.34
259.00,2796.00,8783.00, 0.32
259.50,2868.00,8723.00, 0.33
260.00,2855.00,8634.00, 0.33
260.50,2790.00,8770.00, 0.32
261.00,2874.00,8862.00, 0.32
261.50,2878.00,8924.00, 0.32
262.00,2865.00,8741.00, 0.33
262.50,2814.00,8889.00, 0.32
263.00,2922.00,9024.00, 0.32
263.50,2843.00,9108.00, 0.31
264.00,2877.00,8902.00, 0.32
264.50,2887.00,9028.00, 0.32
265.00,2886.00,9049.00, 0.32
265.50,2823.00,9164.00, 0.31
266.00,2857.00,9074.00, 0.31
266.50,2880.00,8921.00, 0.32
267.00,2965.00,9170.00, 0.32
267.50,2873.00,9168.00, 0.31
268.00,2927.00,9111.00, 0.32
268.50,2886.00,9200.00, 0.31
269.00,2938.00,9065.00, 0.32
269.50,2844.00,9149.00, 0.31
270.00,2949.00,9124.00, 0.32
270.50,2799.00,9278.00, 0.30
271.00,2868.00,9250.00, 0.31
271.50,2872.00,9274.00, 0.31
272.00,2825.00,9201.00, 0.31
272.50,2886.00,9321.00, 0.31
273.00,2893.00,9490.00, 0.30
273.50,2871.00,9414.00, 0.30
274.00,2845.00,9285.00, 0.31
274.50,2908.00,9480.00, 0.31
275.00,2848.00,9499.00, 0.30
275.50,2800.00,9433.00, 0.30
276.00,2920.00,9583.00, 0.30
276.50,2872.00,9521.00, 0.30
277.00,2925.00,9631.00, 0.30
277.50,2911.00,9502.00, 0.31
278.00,2875.00,9521.00, 0.30
278.50,2913.00,9376.00, 0.31
279.00,2908.00,9672.00, 0.30
279.50,2873.00,9783.00, 0.29
280.00,2897.00,9722.00, 0.30
280.50,2911.00,9559.00, 0.30
281.00,2764.00,9765.00, 0.28
281.50,2901.00,9660.00, 0.30
282.00,2802.00,9933.00, 0.28
282.50,2896.00,9672.00, 0.30
283.00,2861.00,9686.00, 0.30
283.50,2845.00,9733.00, 0.29
284.00,2903.00,9840.00, 0.30
284.50,2895.00,9917.00, 0.29
285.00,2921.00,10000.00, 0.29
285.50,2878.00,9972.00, 0.29
286.00,2780.00,9773.00, 0.28
286.50,2913.00,9837.00, 0.30
287.00,2890.00,9851.00, 0.29
287.50,2903.00,9820.00, 0.30
288.00,2839.00,9781.00, 0.29
288.50,2858.00,10054.00, 0.28
289.00,2742.00,9839.00, 0.28
289.50,2837.00,9966.00, 0.28
290.00,2844.00,10140.00, 0.28
290.50,2829.00,9958.00, 0.28
291.00,2917.00,10191.00, 0.29
291.50,2908.00,10121.00, 0.29
292.00,2788.00,10095.00, 0.28
292.50,2859.00,10074.00, 0.28
293.00,2906.00,10087.00, 0.29
293.50,2792.00,10338.00, 0.27
294.00,2818.00,10090.00, 0.28
294.50,2787.00,10267.00, 0.27
295.00,2895.00,10054.00, 0.29
295.50,2871.00,10167.00, 0.28
296.00,2774.00,10232.00, 0.27
296.50,2824.00,10182.00, 0.28
297.00,2746.00,10211.00, 0.27
297.50,2790.00,10368.00, 0.27
298.00,2844.00,10298.00, 0.28
298.50,2866.00,10262.00, 0.28
299.00,2869.00,10284.00, 0.28
299.50,2812.00,10437.00, 0.27
300.00,2738.00,10626.00, 0.26
300.50,2834.00,10458.00, 0.27
301.00,2818.00,10207.00, 0.28
301.50,2789.00,10425.00, 0.27
302.00,2803.00,10620.00, 0.26
302.50,2814.00,10582.00, 0.27
303.00,2832.00,10489.00, 0.27
303.50,2861.00,10279.00, 0.28
304.00,2882.00,10542.00, 0.27
304.50,2751.00,10559.00, 0.26
305.00,2897.00,10358.00, 0.28
305.50,2789.00,10534.00, 0.26
306.00,2883.00,10434.00, 0.28
306.50,2801.00,10464.00, 0.27
307.00,2826.00,10510.00, 0.27
307.50,2769.00,10595.00, 0.26
308.00,2786.00,10509.00, 0.27
308.50,2761.00,10497.00, 0.26
309.00,2825.00,10591.00, 0.27
309.50,2740.00,10804.00, 0.25
310.00,2741.00,10493.00, 0.26
310.50,2757.00,10742.00, 0.26
311.00,2808.00,10745.00, 0.26
311.50,2772.00,10518.00, 0.26
312.00,2778.00,10651.00, 0.26
312.50,2750.00,10826.00, 0.25
313.00,2767.00,10560.00, 0.26
313.50,2786.00,10838.00, 0.26
314.00,2824.00,10827.00, 0.26
314.50,2612.00,10734.00, 0.24
315.00,2766.00,10694.00, 0.26
315.50,2756.00,10834.00, 0.25
316.00,2798.00,10845.00, 0.26
316.50,2713.00,10706.00, 0.25
317.00,2607.00,10821.00, 0.24
317.50,2726.00,10887.00, 0.25
318.00,2739.00,10828.00, 0.25
318.50,2730.00,10929.00, 0.25
319.00,2712.00,11096.00, 0.24
319.50,2759.00,10799.00, 0.26
320.00,2822.00,10755.00, 0.26
320.50,2705.00,10868.00, 0.25
321.00,2703.00,10866.00, 0.25
321.50,2798.00,10802.00, 0.26
322.00,2760.00,10924.00, 0.25
322.50,2740.00,11046.00, 0.25
323.00,2678.00,10877.00, 0.25
323.50,2696.00,10798.00, 0.25
324.00,2738.00,10939.00, 0.25
324.50,2698.00,10938.00, 0.25
325.00,2723.00,11061.00, 0.25
325.50,2764.00,11110.00, 0.25
326.00,2669.00,11097.00, 0.24
326.50,2713.00,11205.00, 0.24
327.00,2839.00,11147.00, 0.25
327.50,2676.00,11169.00, 0.24
328.00,2761.00,10853.00, 0.25
328.50,2754.00,11141.00, 0.25
329.00,2671.00,10927.00, 0.24
329.50,2704.00,10864.00, 0.25
330.00,2818.00,11044.00, 0.26
330.50,2590.00,11218.00, 0.23
331.00,2719.00,11152.00, 0.24
331.50,2688.00,11189.00, 0.24
332.00,2750.00,11057.00, 0.25
332.50,2646.00,11068.00, 0.24
333.00,2693.00,11190.00, 0.24
333.50,2670.00,11197.00, 0.24
334.00,2654.00,11103.00, 0.24
334.50,2659.00,11233.00, 0.24
335.00,2665.00,11097.00, 0.24
335.50,2741.00,11072.00, 0.25
336.00,2624.00,11131.00, 0.24
336.50,2718.00,11351.00, 0.24
337.00,2675.00,11178.00, 0.24
337.50,2618.00,11133.00, 0.24
338.00,2656.00,11233.00, 0.24
338.50,2661.00,11337.00, 0.23
339.00,2695.00,11249.00, 0.24
339.50,2584.00,11333.00, 0.23
340.00,2578.00,11283.00, 0.23
340.50,2669.00,11428.00, 0.23
341.00,2621.00,11241.00, 0.23
341.50,2679.00,11561.00, 0.23
342.00,2652.00,11589.00, 0.23
342.50,2614.00,11034.00, 0.24
343.00,2620.00,11350.00, 0.23
343.50,2681.00,11343.00, 0.24
344.00,2670.00,11327.00, 0.24
344.50,2539.00,11524.00, 0.22
345.00,2630.00,11420.00, 0.23
345.50,2610.00,11657.00, 0.22
346.00,2568.00,11370.00, 0.23
346.50,2643.00,11650.00, 0.23
347.00,2629.00,11574.00, 0.23
347.50,2654.00,11402.00, 0.23
348.00,2726.00,11509.00, 0.24
348.50,2577.00,11739.00, 0.22
349.00,2598.00,11634.00, 0.22
349.50,2625.00,11514.00, 0.23
350.00,2550.00,11421.00, 0.22
350.50,2590.00,11540.00, 0.22
351.00,2616.00,11655.00, 0.22
351.50,2581.00,11654.00, 0.22
352.00,2619.00,11463.00, 0.23
352.50,2569.00,11517.00, 0.22
353.00,2604.00,11541.00, 0.23
353.50,2523.00,11626.00, 0.22
354.00,2597.00,11722.00, 0.22
354.50,2466.00,11465.00, 0.22
355.00,2573.00,11764.00, 0.22
355.50,2646.00,11404.00, 0.23
356.00,2565.00,11450.00, 0.22
356.50,2679.00,11530.00, 0.23
357.00,2592.00,11572.00, 0.22
357.50,2483.00,11697.00, 0.21
358.00,2524.00,11738.00, 0.22
358.50,2568.00,11659.00, 0.22
359.00,2463.00,11625.00, 0.21
359.50,2457.00,11646.00, 0.21
360.00,2613.00,11743.00, 0.22
360.50,2561.00,11627.00, 0.22
361.00,2555.00,11896.00, 0.21
361.50,2630.00,11796.00, 0.22
362.00,2525.00,11702.00, 0.22
362.50,2504.00,11586.00, 0.22
363.00,2475.00,11493.00, 0.22
363.50,2542.00,11758.00, 0.22
364.00,2513.00,11868.00, 0.21
364.50,2497.00,11891.00, 0.21
365.00,2534.00,11838.00, 0.21
365.50,2530.00,11565.00, 0.22
366.00,2610.00,11775.00, 0.22
366.50,2506.00,11730.00, 0.21
367.00,2651.00,11831.00, 0.22
367.50,2422.00,11765.00, 0.21
368.00,2467.00,11762.00, 0.21
368.50,2454.00,11717.00, 0.21
369.00,2443.00,11944.00, 0.20
369.50,2553.00,11951.00, 0.21
370.00,2552.00,11776.00, 0.22
370.50,2601.00,11743.00, 0.22
371.00,2489.00,11895.00, 0.21
371.50,2522.00,11825.00, 0.21
372.00,2428.00,11853.00, 0.20
372.50,2443.00,11816.00, 0.21
373.00,2503.00,11758.00, 0.21
373.50,2496.00,11908.00, 0.21
374.00,2469.00,11756.00, 0.21
374.50,2430.00,11785.00, 0.21
375.00,2572.00,11896.00, 0.22
375.50,2463.00,11706.00, 0.21
376.00,2399.00,11856.00, 0.20
376.50,2530.00,11930.00, 0.21
377.00,2482.00,11932.00, 0.21
377.50,2469.00,11777.00, 0.21
378.00,2525.00,12008.00, 0.21
378.50,2414.00,11821.00, 0.20
379.00,2445.00,11978.00, 0.20
379.50,2396.00,11803.00, 0.20
380.00,2434.00,11993.00, 0.20
380.50,2485.00,12032.00, 0.21
381.00,2454.00,11924.00, 0.21
381.50,2424.00,11854.00, 0.20
382.00,2405.00,11789.00, 0.20
382.50,2492.00,11944.00, 0.21
383.00,2413.00,12140.00, 0.20
383.50,2414.00,11975.00, 0.20
384.00,2433.00,11856.00, 0.21
384.50,2415.00,11848.00, 0.20
385.00,2438.00,11887.00, 0.21
385.50,2537.00,11955.00, 0.21
386.00,2375.00,12080.00, 0.20
386.50,2440.00,11880.00, 0.21
387.00,2404.00,11900.00, 0.20
387.50,2353.00,12066.00, 0.20
388.00,2433.00,12103.00, 0.20
388.50,2300.00,11936.00, 0.19
389.00,2317.00,11852.00, 0.20
389.50,2456.00,12043.00, 0.20
390.00,2388.00,11993.00, 0.20
390.50,2248.00,11913.00, 0.19
391.00,2287.00,12111.00, 0.19
391.50,2377.00,12104.00, 0.20
392.00,2400.00,11738.00, 0.20
392.50,2327.00,11833.00, 0.20
393.00,2280.00,12195.00, 0.19
393.50,2362.00,12214.00, 0.19
394.00,2372.00,12104.00, 0.20
394.50,2345.00,11900.00, 0.20
395.00,2322.00,12114.00, 0.19
395.50,2295.00,11898.00, 0.19
396.00,2352.00,12085.00, 0.19
396.50,2349.00,12036.00, 0.20
397.00,2284.00,12020.00, 0.19
397.50,2317.00,11957.00, 0.19
398.00,2330.00,12271.00, 0.19
398.50,2318.00,12006.00, 0.19
399.00,2286.00,11934.00, 0.19
399.50,2274.00,12153.00, 0.19
400.00,2273.00,12185.00, 0.19
400.50,2278.00,12029.00, 0.19
401.00,2308.00,11916.00, 0.19
401.50,2290.00,12132.00, 0.19
402.00,2280.00,12082.00, 0.19
402.50,2274.00,12064.00, 0.19
403.00,2190.00,12191.00, 0.18
403.50,2319.00,12069.00, 0.19
404.00,2270.00,12104.00, 0.19
404.50,2285.00,12233.00, 0.19
405.00,2295.00,12105.00, 0.19
405.50,2265.00,12183.00, 0.19
406.00,2333.00,12125.00, 0.19
406.50,2246.00,12063.00, 0.19
407.00,2291.00,12302.00, 0.19
407.50,2154.00,11971.00, 0.18
408.00,2275.00,12221.00, 0.19
408.50,2325.00,11971.00, 0.19
409.00,2217.00,11862.00, 0.19
409.50,2215.00,12009.00, 0.18
410.00,2277.00,12292.00, 0.19
410.50,2246.00,12071.00, 0.19
411.00,2256.00,12005.00, 0.19
411.50,2238.00,12129.00, 0.18
412.00,2285.00,11994.00, 0.19
412.50,2160.00,12008.00, 0.18
413.00,2226.00,12003.00, 0.19
413.50,2233.00,11862.00, 0.19
414.00,2245.00,11994.00, 0.19
414.50,2200.00,11883.00, 0.19
415.00,2108.00,12056.00, 0.17
415.50,2212.00,12174.00, 0.18
416.00,2183.00,11897.00, 0.18
416.50,2273.00,11917.00, 0.19
417.00,2243.00,12166.00, 0.18
417.50,2154.00,12045.00, 0.18
418.00,2192.00,11868.00, 0.18
418.50,2226.00,12089.00, 0.18
419.00,2183.00,12060.00, 0.18
419.50,2129.00,11917.00, 0.18
420.00,2082.00,12309.00, 0.17
420.50,2118.00,11954.00, 0.18
421.00,2152.00,11984.00, 0.18
421.50,2211.00,11977.00, 0.18
422.00,2118.00,11921.00, 0.18
422.50,2175.00,11923.00, 0.18
423.00,2183.00,11793.00, 0.19
423.50,2087.00,12013.00, 0.17
424.00,2171.00,12017.00, 0.18
424.50,2073.00,12237.00, 0.17
425.00,2147.00,12146.00, 0.18
425.50,2131.00,11931.00, 0.18
426.00,2098.00,12070.00, 0.17
426.50,2130.00,12128.00, 0.18
427.00,2141.00,12052.00, 0.18
427.50,2185.00,11941.00, 0.18
428.00,2073.00,11956.00, 0.17
428.50,2212.00,11963.00, 0.18
429.00,2172.00,12062.00, 0.18
429.50,2112.00,11970.00, 0.18
430.00,2101.00,11924.00, 0.18
430.50,2020.00,11959.00, 0.17
431.00,2164.00,12120.00, 0.18
431.50,2122.00,11859.00, 0.18
432.00,2129.00,12095.00, 0.18
432.50,2048.00,12072.00, 0.17
433.00,2055.00,12043.00, 0.17
433.50,2094.00,11953.00, 0.18
434.00,2036.00,11925.00, 0.17
434.50,2158.00,11953.00, 0.18
435.00,2051.00,11817.00, 0.17
435.50,1957.00,11931.00, 0.16
436.00,2075.00,12185.00, 0.17
436.50,2012.00,11728.00, 0.17
437.00,2167.00,11856.00, 0.18
437.50,2020.00,11679.00, 0.17
438.00,2070.00,11933.00, 0.17
438.50,2052.00,11850.00, 0.17
439.00,2101.00,11900.00, 0.18
439.50,2008.00,11960.00, 0.17
440.00,2086.00,11865.00, 0.18
440.50,2048.00,11772.00, 0.17
441.00,2114.00,11860.00, 0.18
441.50,2100.00,11855.00, 0.18
442.00,1982.00,11672.00, 0.17
442.50,1972.00,11928.00, 0.17
443.00,2044.00,11908.00, 0.17
443.50,2063.00,11788.00, 0.18
444.00,1979.00,11650.00, 0.17
444.50,2074.00,11765.00, 0.18
445.00,2044.00,11828.00, 0.17
445.50,2073.00,11779.00, 0.18
446.00,2022.00,12019.00, 0.17
446.50,2016.00,11889.00, 0.17
447.00,1965.00,11946.00, 0.16
447.50,1935.00,11717.00, 0.17
448.00,2039.00,11844.00, 0.17
448.50,2009.00,11892.00, 0.17
449.00,1943.00,11827.00, 0.16
449.50,2013.00,11741.00, 0.17
450.00,1940.00,11781.00, 0.16
450.50,1975.00,11725.00, 0.17
451.00,1992.00,11812.00, 0.17
451.50,1967.00,12028.00, 0.16
452.00,1942.00,11873.00, 0.16
452.50,1909.00,11812.00, 0.16
453.00,2052.00,11664.00, 0.18
453.50,1944.00,11670.00, 0.17
454.00,2004.00,11672.00, 0.17
454.50,1940.00,11685.00, 0.17
455.00,2047.00,11966.00, 0.17
455.50,1955.00,11728.00, 0.17
456.00,1890.00,11675.00, 0.16
456.50,1910.00,11610.00, 0.16
457.00,1912.00,11752.00, 0.16
457.50,1927.00,11672.00, 0.17
458.00,1940.00,11671.00, 0.17
458.50,1905.00,11728.00, 0.16
459.00,1974.00,11461.00, 0.17
459.50,1895.00,11716.00, 0.16
460.00,1954.00,11737.00, 0.17
460.50,1882.00,11611.00, 0.16
461.00,1929.00,11585.00, 0.17
461.50,1974.00,11377.00, 0.17
462.00,1936.00,11530.00, 0.17
462.50,1895.00,11751.00, 0.16
463.00,1908.00,11744.00, 0.16
463.50,1841.00,11781.00, 0.16
464.00,1885.00,11854.00, 0.16
464.50,1872.00,11513.00, 0.16
465.00,1890.00,11852.00, 0.16
465.50,1842.00,11531.00, 0.16
466.00,1977.00,11463.00, 0.17
466.50,1909.00,11784.00, 0.16
467.00,1922.00,11482.00, 0.17
467.50,1903.00,11537.00, 0.16
468.00,1955.00,11635.00, 0.17
468.50,1884.00,11470.00, 0.16
469.00,1845.00,11493.00, 0.16
469.50,1901.00,11560.00, 0.16
470.00,1802.00,11632.00, 0.15
470.50,1918.00,11300.00, 0.17
471.00,1854.00,11563.00, 0.16
471.50,1883.00,11443.00, 0.16
472.00,1825.00,11819.00, 0.15
472.50,1865.00,11377.00, 0.16
473.00,1787.00,11434.00, 0.16
473.50,1813.00,11599.00, 0.16
474.00,1880.00,11399.00, 0.16
474.50,1884.00,11403.00, 0.17
475.00,1879.00,11416.00, 0.16
475.50,1812.00,11389.00, 0.16
476.00,1869.00,11394.00, 0.16
476.50,1802.00,11386.00, 0.16
477.00,1836.00,11379.00, 0.16
477.50,1892.00,11456.00, 0.17
478.00,1862.00,11408.00, 0.16
478.50,1825.00,11527.00, 0.16
479.00,1829.00,11185.00, 0.16
479.50,1841.00,11348.00, 0.16
480.00,1824.00,11357.00, 0.16
480.50,1805.00,11426.00, 0.16
481.00,1903.00,11317.00, 0.17
481.50,1833.00,11330.00, 0.16
482.00,1852.00,11496.00, 0.16
482.50,1774.00,11449.00, 0.15
483.00,1832.00,11414.00, 0.16
483.50,1819.00,11439.00, 0.16
484.00,1800.00,11453.00, 0.16
484.50,1765.00,11437.00, 0.15
485.00,1803.00,11455.00, 0.16
485.50,1919.00,11319.00, 0.17
486.00,1854.00,11337.00, 0.16
486.50,1823.00,11446.00, 0.16
487.00,1764.00,11198.00, 0.16
487.50,1847.00,11235.00, 0.16
488.00,1750.00,11407.00, 0.15
488.50,1782.00,11518.00, 0.15
489.00,1872.00,11168.00, 0.17
489.50,1713.00,11312.00, 0.15
490.00,1797.00,11324.00, 0.16
490.50,1760.00,11140.00, 0.16
491.00,1809.00,11322.00, 0.16
491.50,1795.00,11373.00, 0.16
492.00,1729.00,10956.00, 0.16
492.50,1737.00,11346.00, 0.15
493.00,1759.00,11280.00, 0.16
493.50,1761.00,11300.00, 0.16
494.00,1813.00,11302.00, 0.16
494.50,1750.00,11271.00, 0.16
495.00,1754.00,11451.00, 0.15
495.50,1733.00,11411.00, 0.15
496.00,1815.00,11462.00, 0.16
496.50,1779.00,11212.00, 0.16
497.00,1710.00,11536.00, 0.15
497.50,1793.00,11263.00, 0.16
498.00,1762.00,11213.00, 0.16
498.50,1757.00,11309.00, 0.16
499.00,1700.00,11331.00, 0.15
499.50,1684.00,11413.00, 0.15
500.00,1815.00,11192.00, 0.16
500.50,1752.00,11521.00, 0.15
501.00,1759.00,11234.00, 0.16
501.50,1755.00,11388.00, 0.15
502.00,1728.00,11274.00, 0.15
502.50,1708.00,11033.00, 0.15
503.00,1744.00,11429.00, 0.15
503.50,1741.00,11388.00, 0.15
504.00,1730.00,11388.00, 0.15
504.50,1757.00,11338.00, 0.15
505.00,1716.00,11100.00, 0.15
505.50,1711.00,11261.00, 0.15
506.00,1730.00,11116.00, 0.16
506.50,1693.00,11320.00, 0.15
507.00,1700.00,11129.00, 0.15
507.50,1799.00,11206.00, 0.16
508.00,1776.00,11207.00, 0.16
508.50,1734.00,11071.00, 0.16
509.00,1667.00,11350.00, 0.15
509.50,1716.00,11199.00, 0.15
510.00,1647.00,11056.00, 0.15
510.50,1713.00,11295.00, 0.15
511.00,1710.00,11123.00, 0.15
511.50,1709.00,11352.00, 0.15
512.00,1701.00,11154.00, 0.15
512.50,1679.00,11275.00, 0.15
513.00,1701.00,11057.00, 0.15
513.50,1690.00,11136.00, 0.15
514.00,1695.00,11192.00, 0.15
514.50,1623.00,11305.00, 0.14
515.00,1741.00,11183.00, 0.16
515.50,1711.00,11201.00, 0.15
516.00,1660.00,11336.00, 0.15
516.50,1697.00,11079.00, 0.15
517.00,1621.00,11212.00, 0.14
517.50,1700.00,11305.00, 0.15
518.00,1649.00,11078.00, 0.15
518.50,1646.00,11169.00, 0.15
519.00,1632.00,11201.00, 0.15
519.50,1666.00,11231.00, 0.15
520.00,1669.00,11199.00, 0.15
520.50,1712.00,11370.00, 0.15
521.00,1634.00,11211.00, 0.15
521.50,1743.00,11138.00, 0.16
522.00,1652.00,11218.00, 0.15
522.50,1665.00,11175.00, 0.15
523.00,1601.00,11289.00, 0.14
523.50,1757.00,11238.00, 0.16
524.00,1620.00,11208.00, 0.14
524.50,1639.00,11292.00, 0.15
525.00,1669.00,11135.00, 0.15
525.50,1626.00,11324.00, 0.14
526.00,1694.00,11334.00, 0.15
526.50,1649.00,11143.00, 0.15
527.00,1571.00,11325.00, 0.14
527.50,1667.00,11254.00, 0.15
528.00,1741.00,11231.00, 0.16
528.50,1639.00,11267.00, 0.15
529.00,1698.00,11103.00, 0.15
529.50,1675.00,10996.00, 0.15
530.00,1696.00,11375.00, 0.15
530.50,1650.00,11152.00, 0.15
531.00,1607.00,11205.00, 0.14
531.50,1663.00,11047.00, 0.15
532.00,1633.00,11286.00, 0.14
532.50,1698.00,11292.00, 0.15
533.00,1724.00,11168.00, 0.15
533.50,1715.00,11256.00, 0.15
534.00,1602.00,11253.00, 0.14
534.50,1614.00,11284.00, 0.14
535.00,1681.00,11168.00, 0.15
535.50,1537.00,11117.00, 0.14
536.00,1627.00,11206.00, 0.15
536.50,1587.00,11326.00, 0.14
537.00,1614.00,11351.00, 0.14
537.50,1686.00,11409.00, 0.15
538.00,1672.00,11458.00, 0.15
538.50,1673.00,11089.00, 0.15
539.00,1623.00,11473.00, 0.14
539.50,1623.00,11243.00, 0.14
540.00,1677.00,11306.00, 0.15
540.50,1629.00,11154.00, 0.15
541.00,1628.00,11429.00, 0.14
541.50,1564.00,11340.00, 0.14
542.00,1667.00,11426.00, 0.15
542.50,1589.00,11291.00, 0.14
543.00,1667.00,11218.00, 0.15
543.50,1595.00,11359.00, 0.14
544.00,1694.00,11236.00, 0.15
544.50,1650.00,11079.00, 0.15
545.00,1570.00,11439.00, 0.14
545.50,1575.00,11120.00, 0.14
546.00,1560.00,11250.00, 0.14
546.50,1720.00,11411.00, 0.15
547.00,1694.00,11325.00, 0.15
547.50,1628.00,11143.00, 0.15
548.00,1629.00,11150.00, 0.15
548.50,1540.00,11383.00, 0.14
549.00,1579.00,11440.00, 0.14
549.50,1639.00,11078.00, 0.15
550.00,1618.00,11301.00, 0.14
550.50,1614.00,11277.00, 0.14
551.00,1605.00,11405.00, 0.14
551.50,1628.00,11266.00, 0.14
552.00,1549.00,11474.00, 0.14
552.50,1576.00,11222.00, 0.14
553.00,1630.00,11229.00, 0.15
553.50,1691.00,11279.00, 0.15
554.00,1594.00,11439.00, 0.14
554.50,1631.00,11202.00, 0.15
555.00,1596.00,11362.00, 0.14
555.50,1537.00,11254.00, 0.14
556.00,1575.00,11148.00, 0.14
556.50,1618.00,11263.00, 0.14
557.00,1603.00,11215.00, 0.14
557.50,1613.00,11367.00, 0.14
558.00,1612.00,11289.00, 0.14
558.50,1540.00,11346.00, 0.14
559.00,1554.00,11178.00, 0.14
559.50,1608.00,11257.00, 0.14
560.00,1584.00,11080.00, 0.14
560.50,1635.00,11240.00, 0.15
561.00,1592.00,11242.00, 0.14
561.50,1544.00,11431.00, 0.14
562.00,1628.00,11191.00, 0.15
562.50,1521.00,11165.00, 0.14
563.00,1640.00,11291.00, 0.15
563.50,1577.00,11296.00, 0.14
564.00,1622.00,11318.00, 0.14
564.50,1595.00,11189.00, 0.14
565.00,1614.00,11381.00, 0.14
565.50,1574.00,11308.00, 0.14
566.00,1546.00,11301.00, 0.14
566.50,1520.00,11273.00, 0.13
567.00,1612.00,11222.00, 0.14
567.50,1570.00,11269.00, 0.14
568.00,1598.00,11494.00, 0.14
568.50,1594.00,11288.00, 0.14
569.00,1551.00,11314.00, 0.14
569.50,1443.00,11318.00, 0.13
570.00,1547.00,11261.00, 0.14
570.50,1660.00,11307.00, 0.15
571.00,1552.00,11217.00, 0.14
571.50,1597.00,11306.00, 0.14
572.00,1607.00,11400.00, 0.14
572.50,1558.00,11469.00, 0.14
573.00,1582.00,11334.00, 0.14
573.50,1626.00,11476.00, 0.14
574.00,1580.00,11444.00, 0.14
574.50,1576.00,11484.00, 0.14
575.00,1518.00,11382.00, 0.13
575.50,1655.00,11188.00, 0.15
576.00,1546.00,11319.00, 0.14
576.50,1599.00,11380.00, 0.14
577.00,1607.00,11371.00, 0.14
577.50,1591.00,11563.00, 0.14
578.00,1541.00,11406.00, 0.14
578.50,1542.00,11403.00, 0.14
579.00,1544.00,11553.00, 0.13
579.50,1605.00,11330.00, 0.14
580.00,1551.00,11269.00, 0.14
580.50,1576.00,11302.00, 0.14
581.00,1604.00,11179.00, 0.14
581.50,1615.00,11489.00, 0.14
582.00,1504.00,11290.00, 0.13
582.50,1536.00,11415.00, 0.13
583.00,1531.00,11453.00, 0.13
583.50,1540.00,11362.00, 0.14
584.00,1558.00,11498.00, 0.14
584.50,1649.00,11584.00, 0.14
585.00,1657.00,11351.00, 0.15
585.50,1517.00,11470.00, 0.13
586.00,1564.00,11414.00, 0.14
586.50,1595.00,11440.00, 0.14
587.00,1587.00,11361.00, 0.14
587.50,1496.00,11431.00, 0.13
588.00,1574.00,11385.00, 0.14
588.50,1525.00,11417.00, 0.13
589.00,1539.00,11437.00, 0.13
589.50,1623.00,11486.00, 0.14
590.00,1503.00,11456.00, 0.13
590.50,1511.00,11433.00, 0.13
591.00,1500.00,11510.00, 0.13
591.50,1575.00,11351.00, 0.14
592.00,1545.00,11309.00, 0.14
592.50,1475.00,11503.00, 0.13
593.00,1535.00,11360.00, 0.14
593.50,1524.00,11485.00, 0.13
594.00,1557.00,11402.00, 0.14
594.50,1569.00,11276.00, 0.14
595.00,1548.00,11293.00, 0.14
595.50,1547.00,11671.00, 0.13
596.00,1568.00,11401.00, 0.14
596.50,1548.00,11537.00, 0.13
597.00,1495.00,11411.00, 0.13
597.50,1503.00,11510.00, 0.13
598.00,1506.00,11412.00, 0.13
598.50,1520.00,11379.00, 0.13
599.00,1446.00,11576.00, 0.12
599.50,1574.00,11433.00, 0.14
600.00,1546.00,11264.00, 0.14
