Date/Time,07_02_19,11:33,
Operator,Felix Weihs,,
Consignment Number,,,
Sample Type,Other,,
Protocol,Sample,,
Temperature,28.0,,
Results,,,
Time,Green,Blue,Ratio
 0.50,484.00,525.00, 0.92
 1.00,871.00,1080.00, 0.81
 1.50,870.00,1138.00, 0.76
 2.00,889.00,1103.00, 0.81
 2.50,918.00,1110.00, 0.83
 3.00,927.00,1065.00, 0.87
 3.50,892.00,1144.00, 0.78
 4.00,930.00,1125.00, 0.83
 4.50,954.00,1118.00, 0.85
 5.00,975.00,1142.00, 0.85
 5.50,940.00,1112.00, 0.85
 6.00,965.00,1189.00, 0.81
 6.50,985.00,1205.00, 0.82
 7.00,986.00,1187.00, 0.83
 7.50,1034.00,1204.00, 0.86
 8.00,981.00,1242.00, 0.79
 8.50,1035.00,1163.00, 0.89
 9.00,1052.00,1216.00, 0.87
 9.50,1013.00,1194.00, 0.85
10.00,1034.00,1287.00, 0.80
10.50,1018.00,1230.00, 0.83
11.00,1050.00,1248.00, 0.84
11.50,1040.00,1247.00, 0.83
12.00,1068.00,1236.00, 0.86
12.50,973.00,1244.00, 0.78
13.00,1078.00,1288.00, 0.84
13.50,1052.00,1291.00, 0.81
14.00,1109.00,1308.00, 0.85
14.50,1036.00,1293.00, 0.80
15.00,1080.00,1303.00, 0.83
15.50,1090.00,1339.00, 0.81
16.00,1130.00,1281.00, 0.88
16.50,1141.00,1276.00, 0.89
17.00,1064.00,1353.00, 0.79
17.50,1009.00,1356.00, 0.74
18.00,1084.00,1339.00, 0.81
18.50,1096.00,1312.00, 0.84
19.00,1121.00,1376.00, 0.81
19.50,1118.00,1349.00, 0.83
20.00,1096.00,1338.00, 0.82
20.50,1128.00,1218.00, 0.93
21.00,1155.00,1340.00, 0.86
21.50,1064.00,1337.00, 0.80
22.00,1078.00,1288.00, 0.84
22.50,1113.00,1413.00, 0.79
23.00,1144.00,1309.00, 0.87
23.50,1077.00,1355.00, 0.79
24.00,1154.00,1369.00, 0.84
24.50,1110.00,1364.00, 0.81
25.00,1044.00,1366.00, 0.76
25.50,1039.00,1395.00, 0.74
26.00,1077.00,1449.00, 0.74
26.50,1077.00,1353.00, 0.80
27.00,1085.00,1378.00, 0.79
27.50,1141.00,1336.00, 0.85
28.00,1100.00,1393.00, 0.79
28.50,1089.00,1370.00, 0.79
29.00,1126.00,1377.00, 0.82
29.50,1123.00,1358.00, 0.83
30.00,1124.00,1359.00, 0.83
30.50,1134.00,1433.00, 0.79
31.00,1093.00,1357.00, 0.81
31.50,1105.00,1376.00, 0.80
32.00,1128.00,1403.00, 0.80
32.50,1110.00,1432.00, 0.78
33.00,1109.00,1352.00, 0.82
33.50,1096.00,1374.00, 0.80
34.00,1132.00,1399.00, 0.81
34.50,1087.00,1418.00, 0.77
35.00,1065.00,1440.00, 0.74
35.50,1144.00,1390.00, 0.82
36.00,1058.00,1401.00, 0.76
36.50,1113.00,1395.00, 0.80
37.00,1107.00,1389.00, 0.80
37.50,1110.00,1374.00, 0.81
38.00,1162.00,1399.00, 0.83
38.50,1146.00,1375.00, 0.83
39.00,1156.00,1409.00, 0.82
39.50,1102.00,1385.00, 0.80
40.00,1105.00,1337.00, 0.83
40.50,1066.00,1462.00, 0.73
41.00,1114.00,1366.00, 0.82
41.50,1027.00,1561.00, 0.66
42.00,1121.00,1397.00, 0.80
42.50,1063.00,1435.00, 0.74
43.00,1126.00,1390.00, 0.81
43.50,1073.00,1425.00, 0.75
44.00,1127.00,1438.00, 0.78
44.50,1034.00,1372.00, 0.75
45.00,1058.00,1474.00, 0.72
45.50,1058.00,1409.00, 0.75
46.00,1077.00,1461.00, 0.74
46.50,1095.00,1376.00, 0.80
47.00,1133.00,1402.00, 0.81
47.50,1095.00,1355.00, 0.81
48.00,1113.00,1362.00, 0.82
48.50,1060.00,1419.00, 0.75
49.00,1127.00,1401.00, 0.80
49.50,1151.00,1427.00, 0.81
50.00,1050.00,1385.00, 0.76
50.50,1177.00,1361.00, 0.86
51.00,1096.00,1355.00, 0.81
51.50,1126.00,1371.00, 0.82
52.00,1070.00,1288.00, 0.83
52.50,1093.00,1359.00, 0.80
53.00,1107.00,1402.00, 0.79
53.50,1078.00,1371.00, 0.79
54.00,1108.00,1373.00, 0.81
54.50,1021.00,1409.00, 0.72
55.00,1037.00,1353.00, 0.77
55.50,1088.00,1399.00, 0.78
56.00,1080.00,1393.00, 0.78
56.50,998.00,1405.00, 0.71
57.00,1096.00,1387.00, 0.79
57.50,1024.00,1403.00, 0.73
58.00,1071.00,1365.00, 0.78
58.50,1097.00,1409.00, 0.78
59.00,1071.00,1452.00, 0.74
59.50,1076.00,1382.00, 0.78
60.00,1069.00,1406.00, 0.76
60.50,1086.00,1433.00, 0.76
61.00,1078.00,1358.00, 0.79
61.50,1101.00,1389.00, 0.79
62.00,1032.00,1324.00, 0.78
62.50,1049.00,1340.00, 0.78
63.00,1023.00,1354.00, 0.76
63.50,1054.00,1377.00, 0.77
64.00,1102.00,1356.00, 0.81
64.50,1053.00,1318.00, 0.80
65.00,981.00,1381.00, 0.71
65.50,1042.00,1345.00, 0.77
66.00,1081.00,1444.00, 0.75
66.50,1072.00,1414.00, 0.76
67.00,1083.00,1340.00, 0.81
67.50,1067.00,1394.00, 0.77
68.00,996.00,1413.00, 0.70
68.50,1013.00,1331.00, 0.76
69.00,1038.00,1400.00, 0.74
69.50,1036.00,1361.00, 0.76
70.00,1028.00,1339.00, 0.77
70.50,978.00,1309.00, 0.75
71.00,1019.00,1333.00, 0.76
71.50,1032.00,1382.00, 0.75
72.00,1009.00,1354.00, 0.75
72.50,995.00,1345.00, 0.74
73.00,1026.00,1403.00, 0.73
73.50,1034.00,1351.00, 0.77
74.00,1087.00,1390.00, 0.78
74.50,1056.00,1311.00, 0.81
75.00,1049.00,1405.00, 0.75
75.50,991.00,1337.00, 0.74
76.00,1015.00,1310.00, 0.77
76.50,1044.00,1371.00, 0.76
77.00,1012.00,1379.00, 0.73
77.50,1013.00,1415.00, 0.72
78.00,1004.00,1333.00, 0.75
78.50,1087.00,1339.00, 0.81
79.00,1015.00,1334.00, 0.76
79.50,1062.00,1343.00, 0.79
80.00,1068.00,1342.00, 0.80
80.50,970.00,1357.00, 0.71
81.00,961.00,1341.00, 0.72
81.50,1074.00,1423.00, 0.75
82.00,1035.00,1351.00, 0.77
82.50,1039.00,1300.00, 0.80
83.00,1058.00,1396.00, 0.76
83.50,1052.00,1419.00, 0.74
84.00,1033.00,1336.00, 0.77
84.50,1052.00,1354.00, 0.78
85.00,993.00,1315.00, 0.76
85.50,1038.00,1326.00, 0.78
86.00,999.00,1363.00, 0.73
86.50,1018.00,1293.00, 0.79
87.00,1087.00,1361.00, 0.80
87.50,1029.00,1285.00, 0.80
88.00,1025.00,1331.00, 0.77
88.50,1009.00,1331.00, 0.76
89.00,1008.00,1393.00, 0.72
89.50,984.00,1320.00, 0.75
90.00,1014.00,1309.00, 0.77
90.50,1046.00,1315.00, 0.80
91.00,998.00,1300.00, 0.77
91.50,1021.00,1331.00, 0.77
92.00,1023.00,1324.00, 0.77
92.50,999.00,1336.00, 0.75
93.00,975.00,1365.00, 0.71
93.50,1007.00,1318.00, 0.76
94.00,1019.00,1330.00, 0.77
94.50,963.00,1321.00, 0.73
95.00,1050.00,1282.00, 0.82
95.50,1010.00,1353.00, 0.75
96.00,943.00,1286.00, 0.73
96.50,1032.00,1289.00, 0.80
97.00,976.00,1377.00, 0.71
97.50,991.00,1397.00, 0.71
98.00,963.00,1393.00, 0.69
98.50,972.00,1285.00, 0.76
99.00,1001.00,1328.00, 0.75
99.50,1010.00,1265.00, 0.80
100.00,1010.00,1341.00, 0.75
100.50,1052.00,1310.00, 0.80
101.00,954.00,1279.00, 0.75
101.50,961.00,1367.00, 0.70
102.00,1020.00,1337.00, 0.76
102.50,972.00,1277.00, 0.76
103.00,1032.00,1269.00, 0.81
103.50,954.00,1359.00, 0.70
104.00,940.00,1294.00, 0.73
104.50,968.00,1384.00, 0.70
105.00,984.00,1302.00, 0.76
105.50,919.00,1307.00, 0.70
106.00,981.00,1283.00, 0.76
106.50,956.00,1296.00, 0.74
107.00,1009.00,1315.00, 0.77
107.50,987.00,1294.00, 0.76
108.00,911.00,1264.00, 0.72
108.50,949.00,1231.00, 0.77
109.00,1000.00,1352.00, 0.74
109.50,963.00,1329.00, 0.72
110.00,945.00,1334.00, 0.71
110.50,980.00,1307.00, 0.75
111.00,991.00,1303.00, 0.76
111.50,942.00,1281.00, 0.74
112.00,993.00,1325.00, 0.75
112.50,947.00,1328.00, 0.71
113.00,955.00,1292.00, 0.74
113.50,958.00,1362.00, 0.70
114.00,1026.00,1274.00, 0.81
114.50,966.00,1305.00, 0.74
115.00,976.00,1284.00, 0.76
115.50,969.00,1367.00, 0.71
116.00,927.00,1302.00, 0.71
116.50,980.00,1290.00, 0.76
117.00,934.00,1316.00, 0.71
117.50,932.00,1324.00, 0.70
118.00,966.00,1286.00, 0.75
118.50,962.00,1317.00, 0.73
119.00,984.00,1326.00, 0.74
119.50,949.00,1319.00, 0.72
120.00,985.00,1251.00, 0.79
120.50,986.00,1322.00, 0.75
121.00,956.00,1342.00, 0.71
121.50,951.00,1320.00, 0.72
122.00,967.00,1368.00, 0.71
122.50,956.00,1365.00, 0.70
123.00,955.00,1297.00, 0.74
123.50,947.00,1287.00, 0.74
124.00,961.00,1245.00, 0.77
124.50,971.00,1358.00, 0.72
125.00,920.00,1273.00, 0.72
125.50,966.00,1327.00, 0.73
126.00,947.00,1303.00, 0.73
126.50,962.00,1308.00, 0.74
127.00,925.00,1314.00, 0.70
127.50,981.00,1254.00, 0.78
128.00,922.00,1268.00, 0.73
128.50,931.00,1294.00, 0.72
129.00,954.00,1285.00, 0.74
129.50,928.00,1349.00, 0.69
130.00,899.00,1269.00, 0.71
130.50,966.00,1284.00, 0.75
131.00,931.00,1313.00, 0.71
131.50,943.00,1290.00, 0.73
132.00,934.00,1356.00, 0.69
132.50,998.00,1318.00, 0.76
133.00,944.00,1318.00, 0.72
133.50,894.00,1303.00, 0.69
134.00,951.00,1319.00, 0.72
134.50,945.00,1290.00, 0.73
135.00,950.00,1336.00, 0.71
135.50,978.00,1277.00, 0.77
136.00,963.00,1341.00, 0.72
136.50,969.00,1346.00, 0.72
137.00,868.00,1284.00, 0.68
137.50,1008.00,1244.00, 0.81
138.00,974.00,1295.00, 0.75
138.50,995.00,1298.00, 0.77
139.00,906.00,1309.00, 0.69
139.50,933.00,1262.00, 0.74
140.00,966.00,1316.00, 0.73
140.50,981.00,1355.00, 0.72
141.00,957.00,1328.00, 0.72
141.50,943.00,1233.00, 0.76
142.00,964.00,1311.00, 0.74
142.50,961.00,1415.00, 0.68
143.00,935.00,1274.00, 0.73
143.50,952.00,1262.00, 0.75
144.00,885.00,1303.00, 0.68
144.50,963.00,1292.00, 0.75
145.00,942.00,1279.00, 0.74
145.50,958.00,1353.00, 0.71
146.00,928.00,1413.00, 0.66
146.50,957.00,1320.00, 0.72
147.00,980.00,1337.00, 0.73
147.50,1041.00,1334.00, 0.78
148.00,917.00,1382.00, 0.66
148.50,947.00,1350.00, 0.70
149.00,952.00,1235.00, 0.77
149.50,940.00,1300.00, 0.72
150.00,1010.00,1247.00, 0.81
150.50,969.00,1360.00, 0.71
151.00,874.00,1319.00, 0.66
151.50,922.00,1363.00, 0.68
152.00,936.00,1398.00, 0.67
152.50,940.00,1325.00, 0.71
153.00,1000.00,1322.00, 0.76
153.50,992.00,1367.00, 0.73
154.00,950.00,1398.00, 0.68
154.50,930.00,1368.00, 0.68
155.00,986.00,1411.00, 0.70
155.50,982.00,1343.00, 0.73
156.00,1009.00,1420.00, 0.71
156.50,1005.00,1392.00, 0.72
157.00,1071.00,1319.00, 0.81
157.50,991.00,1407.00, 0.70
158.00,1033.00,1420.00, 0.73
158.50,1004.00,1531.00, 0.66
159.00,1025.00,1407.00, 0.73
159.50,1034.00,1544.00, 0.67
160.00,1017.00,1502.00, 0.68
160.50,1119.00,1505.00, 0.74
161.00,1087.00,1528.00, 0.71
161.50,1066.00,1440.00, 0.74
162.00,1152.00,1507.00, 0.76
162.50,1099.00,1544.00, 0.71
163.00,1088.00,1568.00, 0.69
163.50,1154.00,1586.00, 0.73
164.00,1171.00,1619.00, 0.72
164.50,1115.00,1589.00, 0.70
165.00,1148.00,1616.00, 0.71
165.50,1176.00,1576.00, 0.75
166.00,1167.00,1611.00, 0.72
166.50,1236.00,1754.00, 0.70
167.00,1254.00,1740.00, 0.72
167.50,1293.00,1751.00, 0.74
168.00,1303.00,1778.00, 0.73
168.50,1275.00,1740.00, 0.73
169.00,1299.00,1686.00, 0.77
169.50,1295.00,1804.00, 0.72
170.00,1342.00,1928.00, 0.70
170.50,1304.00,1869.00, 0.70
171.00,1360.00,1954.00, 0.70
171.50,1409.00,1975.00, 0.71
172.00,1422.00,2021.00, 0.70
172.50,1444.00,1999.00, 0.72
173.00,1553.00,2097.00, 0.74
173.50,1502.00,2093.00, 0.72
174.00,1449.00,2167.00, 0.67
174.50,1625.00,2149.00, 0.76
175.00,1572.00,2208.00, 0.71
175.50,1531.00,2330.00, 0.66
176.00,1669.00,2287.00, 0.73
176.50,1681.00,2274.00, 0.74
177.00,1658.00,2346.00, 0.71
177.50,1738.00,2412.00, 0.72
178.00,1771.00,2524.00, 0.70
178.50,1780.00,2404.00, 0.74
179.00,1876.00,2510.00, 0.75
179.50,1990.00,2548.00, 0.78
180.00,1902.00,2691.00, 0.71
180.50,2026.00,2714.00, 0.75
181.00,2047.00,2789.00, 0.73
181.50,2133.00,2842.00, 0.75
182.00,2125.00,2835.00, 0.75
182.50,2139.00,2795.00, 0.77
183.00,2165.00,2885.00, 0.75
183.50,2268.00,2968.00, 0.76
184.00,2250.00,3039.00, 0.74
184.50,2391.00,3240.00, 0.74
185.00,2241.00,3152.00, 0.71
185.50,2402.00,3303.00, 0.73
186.00,2417.00,3241.00, 0.75
186.50,2413.00,3352.00, 0.72
187.00,2504.00,3433.00, 0.73
187.50,2611.00,3497.00, 0.75
188.00,2618.00,3415.00, 0.77
188.50,2646.00,3663.00, 0.72
189.00,2635.00,3666.00, 0.72
189.50,2654.00,3735.00, 0.71
190.00,2821.00,3764.00, 0.75
190.50,2738.00,3757.00, 0.73
191.00,2838.00,3872.00, 0.73
191.50,2875.00,3908.00, 0.74
192.00,3042.00,3959.00, 0.77
192.50,3057.00,4079.00, 0.75
193.00,3142.00,4097.00, 0.77
193.50,3177.00,4096.00, 0.78
194.00,3233.00,4276.00, 0.76
194.50,3197.00,4321.00, 0.74
195.00,3248.00,4378.00, 0.74
195.50,3281.00,4543.00, 0.72
196.00,3230.00,4429.00, 0.73
196.50,3390.00,4559.00, 0.74
197.00,3461.00,4475.00, 0.77
197.50,3570.00,4668.00, 0.76
198.00,3472.00,4697.00, 0.74
198.50,3613.00,4750.00, 0.76
199.00,3603.00,4837.00, 0.74
199.50,3742.00,4934.00, 0.76
200.00,3615.00,4989.00, 0.72
200.50,3776.00,5053.00, 0.75
201.00,3833.00,5243.00, 0.73
201.50,3729.00,5119.00, 0.73
202.00,3886.00,5166.00, 0.75
202.50,3883.00,5287.00, 0.73
203.00,3945.00,5178.00, 0.76
203.50,4021.00,5500.00, 0.73
204.00,4068.00,5521.00, 0.74
204.50,4223.00,5709.00, 0.74
205.00,4113.00,5582.00, 0.74
205.50,4191.00,5499.00, 0.76
206.00,4254.00,5693.00, 0.75
206.50,4306.00,5753.00, 0.75
207.00,4265.00,5800.00, 0.74
207.50,4265.00,5838.00, 0.73
208.00,4543.00,5924.00, 0.77
208.50,4431.00,5923.00, 0.75
209.00,4468.00,6147.00, 0.73
209.50,4543.00,6026.00, 0.75
210.00,4666.00,6163.00, 0.76
210.50,4604.00,6301.00, 0.73
211.00,4673.00,6385.00, 0.73
211.50,4677.00,6569.00, 0.71
212.00,4771.00,6559.00, 0.73
212.50,4745.00,6530.00, 0.73
213.00,4792.00,6462.00, 0.74
213.50,4860.00,6478.00, 0.75
214.00,4860.00,6579.00, 0.74
214.50,5028.00,6740.00, 0.75
215.00,4853.00,6759.00, 0.72
215.50,4985.00,6898.00, 0.72
216.00,5021.00,6789.00, 0.74
216.50,5074.00,6923.00, 0.73
217.00,5114.00,6925.00, 0.74
217.50,4990.00,7032.00, 0.71
218.00,5209.00,7103.00, 0.73
218.50,5268.00,7071.00, 0.75
219.00,5279.00,7260.00, 0.73
219.50,5353.00,7232.00, 0.74
220.00,5338.00,7421.00, 0.72
220.50,5297.00,7399.00, 0.72
221.00,5322.00,7408.00, 0.72
221.50,5394.00,7388.00, 0.73
222.00,5519.00,7544.00, 0.73
222.50,5573.00,7610.00, 0.73
223.00,5531.00,7466.00, 0.74
223.50,5507.00,7602.00, 0.72
224.00,5602.00,7661.00, 0.73
224.50,5615.00,7757.00, 0.72
225.00,5649.00,7772.00, 0.73
225.50,5612.00,7779.00, 0.72
226.00,5530.00,7790.00, 0.71
226.50,5785.00,7802.00, 0.74
227.00,5734.00,8074.00, 0.71
227.50,5792.00,8032.00, 0.72
228.00,5860.00,7885.00, 0.74
228.50,5815.00,8135.00, 0.71
229.00,5879.00,8234.00, 0.71
229.50,5906.00,8351.00, 0.71
230.00,5952.00,8259.00, 0.72
230.50,5944.00,8444.00, 0.70
231.00,5984.00,8100.00, 0.74
231.50,5930.00,8438.00, 0.70
232.00,6165.00,8421.00, 0.73
232.50,6069.00,8499.00, 0.71
233.00,6074.00,8658.00, 0.70
233.50,6044.00,8682.00, 0.70
234.00,6093.00,8719.00, 0.70
234.50,6173.00,8723.00, 0.71
235.00,6128.00,8789.00, 0.70
235.50,6227.00,8641.00, 0.72
236.00,6217.00,8823.00, 0.70
236.50,6178.00,8768.00, 0.70
237.00,6286.00,8784.00, 0.72
237.50,6350.00,8928.00, 0.71
238.00,6340.00,9028.00, 0.70
238.50,6324.00,8977.00, 0.70
239.00,6363.00,9042.00, 0.70
239.50,6435.00,9121.00, 0.71
240.00,6345.00,9276.00, 0.68
240.50,6492.00,9030.00, 0.72
241.00,6524.00,9214.00, 0.71
241.50,6419.00,9266.00, 0.69
242.00,6670.00,9318.00, 0.72
242.50,6463.00,9366.00, 0.69
243.00,6579.00,9214.00, 0.71
243.50,6514.00,9328.00, 0.70
244.00,6692.00,9486.00, 0.71
244.50,6603.00,9459.00, 0.70
245.00,6633.00,9405.00, 0.71
245.50,6723.00,9600.00, 0.70
246.00,6517.00,9569.00, 0.68
246.50,6602.00,9641.00, 0.68
247.00,6671.00,9543.00, 0.70
247.50,6645.00,9770.00, 0.68
248.00,6824.00,9537.00, 0.72
248.50,6807.00,10001.00, 0.68
249.00,6867.00,9870.00, 0.70
249.50,6903.00,9774.00, 0.71
250.00,6823.00,10007.00, 0.68
250.50,6740.00,9972.00, 0.68
251.00,6787.00,10061.00, 0.67
251.50,6770.00,9963.00, 0.68
252.00,6953.00,10052.00, 0.69
252.50,6838.00,9968.00, 0.69
253.00,6937.00,9972.00, 0.70
253.50,7027.00,10156.00, 0.69
254.00,7076.00,10067.00, 0.70
254.50,6989.00,10344.00, 0.68
255.00,6879.00,10079.00, 0.68
255.50,6899.00,9996.00, 0.69
256.00,6941.00,10216.00, 0.68
256.50,6967.00,10221.00, 0.68
257.00,6914.00,10346.00, 0.67
257.50,6923.00,10206.00, 0.68
258.00,6945.00,10352.00, 0.67
258.50,7151.00,10418.00, 0.69
259.00,7027.00,10569.00, 0.66
259.50,7078.00,10455.00, 0.68
260.00,7124.00,10644.00, 0.67
260.50,7147.00,10471.00, 0.68
261.00,7182.00,10449.00, 0.69
261.50,7121.00,10725.00, 0.66
262.00,7116.00,10747.00, 0.66
262.50,7221.00,10746.00, 0.67
263.00,7144.00,10696.00, 0.67
263.50,7194.00,10802.00, 0.67
264.00,7038.00,10563.00, 0.67
264.50,7145.00,10828.00, 0.66
265.00,7014.00,10796.00, 0.65
265.50,7209.00,10849.00, 0.66
266.00,7141.00,11025.00, 0.65
266.50,7421.00,10996.00, 0.67
267.00,7177.00,10937.00, 0.66
267.50,7107.00,10912.00, 0.65
268.00,7244.00,10786.00, 0.67
268.50,7255.00,11121.00, 0.65
269.00,7254.00,11173.00, 0.65
269.50,7194.00,11012.00, 0.65
270.00,7148.00,11046.00, 0.65
270.50,7301.00,11057.00, 0.66
271.00,7252.00,11349.00, 0.64
271.50,7339.00,10971.00, 0.67
272.00,7240.00,11048.00, 0.66
272.50,7302.00,11404.00, 0.64
273.00,7343.00,11136.00, 0.66
273.50,7269.00,11332.00, 0.64
274.00,7323.00,11086.00, 0.66
274.50,7441.00,11287.00, 0.66
275.00,7370.00,11414.00, 0.65
275.50,7247.00,11260.00, 0.64
276.00,7470.00,11279.00, 0.66
276.50,7313.00,11279.00, 0.65
277.00,7360.00,11464.00, 0.64
277.50,7287.00,11553.00, 0.63
278.00,7355.00,11756.00, 0.63
278.50,7308.00,11387.00, 0.64
279.00,7367.00,11380.00, 0.65
279.50,7403.00,11499.00, 0.64
280.00,7259.00,11536.00, 0.63
280.50,7250.00,11315.00, 0.64
281.00,7212.00,11292.00, 0.64
281.50,7388.00,11470.00, 0.64
282.00,7362.00,11444.00, 0.64
282.50,7417.00,11555.00, 0.64
283.00,7475.00,11733.00, 0.64
283.50,7225.00,11674.00, 0.62
284.00,7352.00,11628.00, 0.63
284.50,7352.00,11617.00, 0.63
285.00,7319.00,11746.00, 0.62
285.50,7568.00,11776.00, 0.64
286.00,7371.00,11809.00, 0.62
286.50,7477.00,11567.00, 0.65
287.00,7403.00,11771.00, 0.63
287.50,7465.00,11814.00, 0.63
288.00,7506.00,11895.00, 0.63
288.50,7528.00,11880.00, 0.63
289.00,7365.00,11795.00, 0.62
289.50,7474.00,12026.00, 0.62
290.00,7402.00,11558.00, 0.64
290.50,7441.00,11888.00, 0.63
291.00,7233.00,12008.00, 0.60
291.50,7472.00,11858.00, 0.63
292.00,7380.00,12013.00, 0.61
292.50,7400.00,11927.00, 0.62
293.00,7456.00,11832.00, 0.63
293.50,7489.00,11965.00, 0.63
294.00,7329.00,12032.00, 0.61
294.50,7430.00,11987.00, 0.62
295.00,7383.00,11929.00, 0.62
295.50,7464.00,12041.00, 0.62
296.00,7627.00,11936.00, 0.64
296.50,7447.00,12010.00, 0.62
297.00,7400.00,12154.00, 0.61
297.50,7306.00,12236.00, 0.60
298.00,7404.00,11831.00, 0.63
298.50,7474.00,12085.00, 0.62
299.00,7357.00,12145.00, 0.61
299.50,7665.00,12100.00, 0.63
300.00,7505.00,12195.00, 0.62
300.50,7493.00,12192.00, 0.61
301.00,7541.00,12071.00, 0.62
301.50,7400.00,12164.00, 0.61
302.00,7570.00,12107.00, 0.63
302.50,7462.00,12202.00, 0.61
303.00,7371.00,12081.00, 0.61
303.50,7437.00,12396.00, 0.60
304.00,7395.00,12241.00, 0.60
304.50,7387.00,12059.00, 0.61
305.00,7274.00,12324.00, 0.59
305.50,7308.00,12276.00, 0.60
306.00,7285.00,12438.00, 0.59
306.50,7461.00,12323.00, 0.61
307.00,7331.00,12183.00, 0.60
307.50,7312.00,12310.00, 0.59
308.00,7289.00,12442.00, 0.59
308.50,7336.00,12282.00, 0.60
309.00,7394.00,12329.00, 0.60
309.50,7386.00,12454.00, 0.59
310.00,7372.00,12442.00, 0.59
310.50,7356.00,12403.00, 0.59
311.00,7321.00,12332.00, 0.59
311.50,7424.00,12428.00, 0.60
312.00,7299.00,12334.00, 0.59
312.50,7434.00,12593.00, 0.59
313.00,7411.00,12254.00, 0.60
313.50,7388.00,12428.00, 0.59
314.00,7428.00,12423.00, 0.60
314.50,7353.00,12471.00, 0.59
315.00,7349.00,12676.00, 0.58
315.50,7485.00,12432.00, 0.60
316.00,7610.00,12573.00, 0.61
316.50,7492.00,12556.00, 0.60
317.00,7400.00,12683.00, 0.58
317.50,7376.00,12369.00, 0.60
318.00,7228.00,12388.00, 0.58
318.50,7433.00,12424.00, 0.60
319.00,7211.00,12277.00, 0.59
319.50,7487.00,12525.00, 0.60
320.00,7505.00,12659.00, 0.59
320.50,7320.00,12573.00, 0.58
321.00,7361.00,12390.00, 0.59
321.50,7382.00,12396.00, 0.60
322.00,7383.00,12684.00, 0.58
322.50,7361.00,12536.00, 0.59
323.00,7421.00,12564.00, 0.59
323.50,7456.00,12581.00, 0.59
324.00,7406.00,12738.00, 0.58
324.50,7404.00,12827.00, 0.58
325.00,7354.00,12516.00, 0.59
325.50,7304.00,12610.00, 0.58
326.00,7379.00,12309.00, 0.60
326.50,7238.00,12593.00, 0.57
327.00,7232.00,12854.00, 0.56
327.50,7180.00,12726.00, 0.56
328.00,7335.00,12770.00, 0.57
328.50,7337.00,12709.00, 0.58
329.00,7393.00,12732.00, 0.58
329.50,7339.00,12829.00, 0.57
330.00,7206.00,12524.00, 0.58
330.50,7268.00,12841.00, 0.57
331.00,7404.00,12619.00, 0.59
331.50,7210.00,12569.00, 0.57
332.00,7365.00,12731.00, 0.58
332.50,7305.00,12741.00, 0.57
333.00,7389.00,12888.00, 0.57
333.50,7280.00,12678.00, 0.57
334.00,7164.00,12579.00, 0.57
334.50,7280.00,12876.00, 0.57
335.00,7173.00,12921.00, 0.56
335.50,7407.00,12870.00, 0.58
336.00,7235.00,12891.00, 0.56
336.50,7312.00,12740.00, 0.57
337.00,7514.00,12624.00, 0.60
337.50,7443.00,12808.00, 0.58
338.00,7216.00,12765.00, 0.57
338.50,7210.00,12858.00, 0.56
339.00,7289.00,12984.00, 0.56
339.50,7051.00,12717.00, 0.55
340.00,7300.00,12808.00, 0.57
340.50,7103.00,12809.00, 0.55
341.00,7226.00,12777.00, 0.57
341.50,7313.00,12815.00, 0.57
342.00,7385.00,12952.00, 0.57
342.50,7169.00,12876.00, 0.56
343.00,7067.00,12922.00, 0.55
343.50,7307.00,12988.00, 0.56
344.00,7220.00,12815.00, 0.56
344.50,7205.00,13048.00, 0.55
345.00,7111.00,12852.00, 0.55
345.50,7236.00,12882.00, 0.56
346.00,7121.00,13084.00, 0.54
346.50,7091.00,13033.00, 0.54
347.00,7136.00,13060.00, 0.55
347.50,7256.00,13024.00, 0.56
348.00,7280.00,12857.00, 0.57
348.50,7148.00,13093.00, 0.55
349.00,7209.00,12897.00, 0.56
349.50,7196.00,13004.00, 0.55
350.00,7224.00,12851.00, 0.56
350.50,7154.00,13068.00, 0.55
351.00,7140.00,13069.00, 0.55
351.50,7131.00,13049.00, 0.55
352.00,7238.00,12974.00, 0.56
352.50,7076.00,13080.00, 0.54
353.00,7114.00,13102.00, 0.54
353.50,6969.00,13304.00, 0.52
354.00,7232.00,12993.00, 0.56
354.50,7021.00,13061.00, 0.54
355.00,7143.00,13006.00, 0.55
355.50,7073.00,13003.00, 0.54
356.00,7144.00,13094.00, 0.55
356.50,7169.00,13252.00, 0.54
357.00,7071.00,13200.00, 0.54
357.50,7141.00,13154.00, 0.54
358.00,7019.00,12999.00, 0.54
358.50,7218.00,13261.00, 0.54
359.00,7070.00,13046.00, 0.54
359.50,7022.00,13203.00, 0.53
360.00,6856.00,13076.00, 0.52
360.50,6983.00,13133.00, 0.53
361.00,7087.00,13032.00, 0.54
361.50,7113.00,13008.00, 0.55
362.00,7074.00,13240.00, 0.53
362.50,7073.00,13282.00, 0.53
363.00,7076.00,13175.00, 0.54
363.50,7042.00,13109.00, 0.54
364.00,6919.00,13179.00, 0.53
364.50,7013.00,13171.00, 0.53
365.00,6976.00,13157.00, 0.53
365.50,7048.00,13197.00, 0.53
366.00,6949.00,13334.00, 0.52
366.50,7001.00,13371.00, 0.52
367.00,7020.00,13071.00, 0.54
367.50,7107.00,13345.00, 0.53
368.00,7046.00,13242.00, 0.53
368.50,7070.00,13094.00, 0.54
369.00,7158.00,13355.00, 0.54
369.50,6997.00,13048.00, 0.54
370.00,7036.00,13208.00, 0.53
370.50,7052.00,13285.00, 0.53
371.00,6824.00,13148.00, 0.52
371.50,7060.00,13232.00, 0.53
372.00,7033.00,13316.00, 0.53
372.50,7128.00,13227.00, 0.54
373.00,6785.00,13118.00, 0.52
373.50,7019.00,13447.00, 0.52
374.00,6989.00,13524.00, 0.52
374.50,6951.00,13272.00, 0.52
375.00,6748.00,13339.00, 0.51
375.50,6928.00,13280.00, 0.52
376.00,6995.00,13356.00, 0.52
376.50,6790.00,13256.00, 0.51
377.00,6998.00,13309.00, 0.53
377.50,6696.00,13358.00, 0.50
378.00,7084.00,13346.00, 0.53
378.50,6951.00,13157.00, 0.53
379.00,6847.00,13539.00, 0.51
379.50,7023.00,13381.00, 0.52
380.00,6797.00,13203.00, 0.51
380.50,6951.00,13571.00, 0.51
381.00,6912.00,13205.00, 0.52
381.50,6754.00,13429.00, 0.50
382.00,6793.00,13336.00, 0.51
382.50,6888.00,13499.00, 0.51
383.00,6848.00,13327.00, 0.51
383.50,6801.00,13500.00, 0.50
384.00,6918.00,13374.00, 0.52
384.50,6763.00,13342.00, 0.51
385.00,6976.00,13319.00, 0.52
385.50,6793.00,13508.00, 0.50
386.00,6847.00,13556.00, 0.51
386.50,6945.00,13493.00, 0.51
387.00,6887.00,13555.00, 0.51
387.50,6872.00,13432.00, 0.51
388.00,6811.00,13561.00, 0.50
388.50,6858.00,13400.00, 0.51
389.00,6760.00,13366.00, 0.51
389.50,6901.00,13676.00, 0.50
390.00,6886.00,13356.00, 0.52
390.50,6768.00,13748.00, 0.49
391.00,6776.00,13569.00, 0.50
391.50,6842.00,13557.00, 0.50
392.00,6778.00,13473.00, 0.50
392.50,6857.00,13795.00, 0.50
393.00,6939.00,13623.00, 0.51
393.50,6873.00,13448.00, 0.51
394.00,6843.00,13782.00, 0.50
394.50,6828.00,13550.00, 0.50
395.00,6784.00,13416.00, 0.51
395.50,6722.00,13494.00, 0.50
396.00,6739.00,13604.00, 0.50
396.50,6834.00,13541.00, 0.50
397.00,6762.00,13669.00, 0.49
397.50,6839.00,13754.00, 0.50
398.00,6902.00,13407.00, 0.51
398.50,6703.00,13614.00, 0.49
399.00,6749.00,13623.00, 0.50
399.50,6714.00,13584.00, 0.49
400.00,6726.00,13569.00, 0.50
400.50,6670.00,13753.00, 0.48
401.00,6669.00,13639.00, 0.49
401.50,6904.00,13625.00, 0.51
402.00,6790.00,13631.00, 0.50
402.50,6782.00,13640.00, 0.50
403.00,6695.00,13701.00, 0.49
403.50,6765.00,13752.00, 0.49
404.00,6886.00,13910.00, 0.50
404.50,6689.00,13914.00, 0.48
405.00,6773.00,13698.00, 0.49
405.50,6714.00,13814.00, 0.49
406.00,6668.00,13666.00, 0.49
406.50,6663.00,13717.00, 0.49
407.00,6791.00,13840.00, 0.49
407.50,6652.00,13661.00, 0.49
408.00,6690.00,13562.00, 0.49
408.50,6625.00,13714.00, 0.48
409.00,6757.00,13780.00, 0.49
409.50,6649.00,13636.00, 0.49
410.00,6770.00,13715.00, 0.49
410.50,6578.00,13710.00, 0.48
411.00,6680.00,13769.00, 0.49
411.50,6633.00,13606.00, 0.49
412.00,6704.00,13819.00, 0.49
412.50,6385.00,13889.00, 0.46
413.00,6733.00,13933.00, 0.48
413.50,6728.00,13657.00, 0.49
414.00,6779.00,13773.00, 0.49
414.50,6617.00,13805.00, 0.48
415.00,6507.00,14018.00, 0.46
415.50,6717.00,14026.00, 0.48
416.00,6642.00,13834.00, 0.48
416.50,6718.00,13974.00, 0.48
417.00,6663.00,13710.00, 0.49
417.50,6755.00,13869.00, 0.49
418.00,6653.00,13958.00, 0.48
418.50,6648.00,14069.00, 0.47
419.00,6624.00,14098.00, 0.47
419.50,6700.00,13915.00, 0.48
420.00,6745.00,13589.00, 0.50
420.50,6613.00,13854.00, 0.48
421.00,6597.00,13921.00, 0.47
421.50,6552.00,13757.00, 0.48
422.00,6492.00,13643.00, 0.48
422.50,6473.00,13984.00, 0.46
423.00,6645.00,13803.00, 0.48
423.50,6510.00,13798.00, 0.47
424.00,6626.00,14042.00, 0.47
424.50,6613.00,13891.00, 0.48
425.00,6703.00,13918.00, 0.48
425.50,6585.00,13913.00, 0.47
426.00,6613.00,13873.00, 0.48
426.50,6684.00,13864.00, 0.48
427.00,6524.00,13833.00, 0.47
427.50,6658.00,13994.00, 0.48
428.00,6488.00,13905.00, 0.47
428.50,6496.00,14048.00, 0.46
429.00,6615.00,13855.00, 0.48
429.50,6741.00,13963.00, 0.48
430.00,6403.00,14053.00, 0.46
430.50,6613.00,14087.00, 0.47
431.00,6719.00,14105.00, 0.48
431.50,6546.00,13867.00, 0.47
432.00,6612.00,14101.00, 0.47
432.50,6556.00,13925.00, 0.47
433.00,6450.00,13883.00, 0.46
433.50,6556.00,13964.00, 0.47
434.00,6521.00,13893.00, 0.47
434.50,6502.00,13995.00, 0.46
435.00,6535.00,13972.00, 0.47
435.50,6482.00,13945.00, 0.46
436.00,6558.00,14026.00, 0.47
436.50,6531.00,14131.00, 0.46
437.00,6623.00,13821.00, 0.48
437.50,6574.00,13921.00, 0.47
438.00,6421.00,14298.00, 0.45
438.50,6525.00,14171.00, 0.46
439.00,6482.00,14009.00, 0.46
439.50,6510.00,13966.00, 0.47
440.00,6597.00,14062.00, 0.47
440.50,6556.00,13938.00, 0.47
441.00,6505.00,14058.00, 0.46
441.50,6554.00,14135.00, 0.46
442.00,6378.00,14071.00, 0.45
442.50,6431.00,14388.00, 0.45
443.00,6428.00,14391.00, 0.45
443.50,6420.00,14037.00, 0.46
444.00,6383.00,14168.00, 0.45
444.50,6464.00,14021.00, 0.46
445.00,6416.00,14323.00, 0.45
445.50,6524.00,14385.00, 0.45
446.00,6536.00,14369.00, 0.45
446.50,6376.00,14107.00, 0.45
447.00,6583.00,14097.00, 0.47
447.50,6379.00,14079.00, 0.45
448.00,6657.00,14198.00, 0.47
448.50,6342.00,14335.00, 0.44
449.00,6443.00,14144.00, 0.46
449.50,6454.00,14076.00, 0.46
450.00,6235.00,14059.00, 0.44
450.50,6471.00,14174.00, 0.46
451.00,6530.00,14240.00, 0.46
451.50,6507.00,14196.00, 0.46
452.00,6334.00,14140.00, 0.45
452.50,6454.00,14342.00, 0.45
453.00,6300.00,14173.00, 0.44
453.50,6252.00,14306.00, 0.44
454.00,6311.00,14057.00, 0.45
454.50,6349.00,14046.00, 0.45
455.00,6392.00,14292.00, 0.45
455.50,6409.00,14051.00, 0.46
456.00,6450.00,14297.00, 0.45
456.50,6276.00,14068.00, 0.45
457.00,6423.00,14218.00, 0.45
457.50,6460.00,14116.00, 0.46
458.00,6342.00,14385.00, 0.44
458.50,6345.00,14226.00, 0.45
459.00,6306.00,14177.00, 0.44
459.50,6458.00,14211.00, 0.45
460.00,6397.00,14341.00, 0.45
460.50,6238.00,14399.00, 0.43
461.00,6376.00,14358.00, 0.44
461.50,6351.00,14285.00, 0.44
462.00,6283.00,14160.00, 0.44
462.50,6315.00,14307.00, 0.44
463.00,6114.00,14256.00, 0.43
463.50,6304.00,14303.00, 0.44
464.00,6215.00,14470.00, 0.43
464.50,6394.00,14573.00, 0.44
465.00,6246.00,14145.00, 0.44
465.50,6329.00,14393.00, 0.44
466.00,6371.00,14371.00, 0.44
466.50,6204.00,14333.00, 0.43
467.00,6396.00,14309.00, 0.45
467.50,6521.00,14357.00, 0.45
468.00,6298.00,14192.00, 0.44
468.50,6365.00,14221.00, 0.45
469.00,6439.00,14157.00, 0.45
469.50,6190.00,14274.00, 0.43
470.00,6346.00,14356.00, 0.44
470.50,6060.00,14193.00, 0.43
471.00,6346.00,14099.00, 0.45
471.50,6258.00,14445.00, 0.43
472.00,6365.00,14104.00, 0.45
472.50,6244.00,14074.00, 0.44
473.00,6224.00,14421.00, 0.43
473.50,6148.00,14414.00, 0.43
474.00,6168.00,14334.00, 0.43
474.50,6368.00,14194.00, 0.45
475.00,6210.00,14285.00, 0.43
475.50,6156.00,14545.00, 0.42
476.00,6247.00,14357.00, 0.44
476.50,6143.00,14527.00, 0.42
477.00,6082.00,14387.00, 0.42
477.50,6259.00,14268.00, 0.44
478.00,6340.00,14548.00, 0.44
478.50,6167.00,14380.00, 0.43
479.00,6236.00,14313.00, 0.44
479.50,6141.00,14552.00, 0.42
480.00,6121.00,14477.00, 0.42
480.50,6154.00,14401.00, 0.43
481.00,6172.00,14521.00, 0.43
481.50,6102.00,14352.00, 0.43
482.00,6183.00,14277.00, 0.43
482.50,6271.00,14349.00, 0.44
483.00,6293.00,14495.00, 0.43
483.50,6167.00,14281.00, 0.43
484.00,6235.00,14513.00, 0.43
484.50,6197.00,14632.00, 0.42
485.00,6278.00,14348.00, 0.44
485.50,6259.00,14597.00, 0.43
486.00,6127.00,14408.00, 0.43
486.50,6145.00,14393.00, 0.43
487.00,6141.00,14588.00, 0.42
487.50,6170.00,14538.00, 0.42
488.00,6071.00,14506.00, 0.42
488.50,6170.00,14341.00, 0.43
489.00,6165.00,14310.00, 0.43
489.50,6167.00,14481.00, 0.43
490.00,6183.00,14498.00, 0.43
490.50,6158.00,14448.00, 0.43
491.00,6106.00,14475.00, 0.42
491.50,6071.00,14507.00, 0.42
492.00,6082.00,14692.00, 0.41
492.50,6210.00,14627.00, 0.42
493.00,6163.00,14633.00, 0.42
493.50,6261.00,14653.00, 0.43
494.00,6186.00,14763.00, 0.42
494.50,6159.00,14466.00, 0.43
495.00,6237.00,14420.00, 0.43
495.50,6108.00,14640.00, 0.42
496.00,6206.00,14465.00, 0.43
496.50,6215.00,14539.00, 0.43
497.00,6221.00,14451.00, 0.43
497.50,6046.00,14578.00, 0.41
498.00,6186.00,14661.00, 0.42
498.50,6275.00,14538.00, 0.43
499.00,6136.00,14577.00, 0.42
499.50,6151.00,14599.00, 0.42
500.00,6095.00,14594.00, 0.42
500.50,6166.00,14507.00, 0.43
501.00,6173.00,14658.00, 0.42
501.50,6256.00,14588.00, 0.43
502.00,6181.00,14561.00, 0.42
502.50,6048.00,14664.00, 0.41
503.00,6089.00,14677.00, 0.41
503.50,6008.00,14743.00, 0.41
504.00,6011.00,14820.00, 0.41
504.50,5967.00,14591.00, 0.41
505.00,6189.00,14729.00, 0.42
505.50,6135.00,14740.00, 0.42
506.00,6070.00,14512.00, 0.42
506.50,6114.00,14659.00, 0.42
507.00,6032.00,14737.00, 0.41
507.50,6212.00,14605.00, 0.43
508.00,6128.00,14592.00, 0.42
508.50,6070.00,14786.00, 0.41
509.00,6040.00,14415.00, 0.42
509.50,6027.00,14545.00, 0.41
510.00,6001.00,14729.00, 0.41
510.50,6007.00,14787.00, 0.41
511.00,6079.00,14592.00, 0.42
511.50,5961.00,14678.00, 0.41
512.00,6192.00,14715.00, 0.42
512.50,6160.00,14587.00, 0.42
513.00,6016.00,14651.00, 0.41
513.50,6017.00,14525.00, 0.41
514.00,5988.00,15002.00, 0.40
514.50,6155.00,14749.00, 0.42
515.00,6050.00,14612.00, 0.41
515.50,6116.00,14704.00, 0.42
516.00,5955.00,14614.00, 0.41
516.50,6068.00,14882.00, 0.41
517.00,6144.00,14984.00, 0.41
517.50,5981.00,14573.00, 0.41
518.00,6053.00,14582.00, 0.42
518.50,6129.00,14752.00, 0.42
519.00,5999.00,14824.00, 0.40
519.50,6079.00,14951.00, 0.41
520.00,6076.00,14920.00, 0.41
520.50,5925.00,14777.00, 0.40
521.00,6106.00,14913.00, 0.41
521.50,5951.00,14791.00, 0.40
522.00,5913.00,14724.00, 0.40
522.50,6006.00,15047.00, 0.40
523.00,6078.00,14722.00, 0.41
523.50,6033.00,14648.00, 0.41
524.00,6078.00,14749.00, 0.41
524.50,5981.00,15018.00, 0.40
525.00,6145.00,14739.00, 0.42
525.50,5936.00,14838.00, 0.40
526.00,5960.00,14686.00, 0.41
526.50,5952.00,14521.00, 0.41
527.00,5996.00,14854.00, 0.40
527.50,6068.00,15070.00, 0.40
528.00,6017.00,14760.00, 0.41
528.50,5994.00,14848.00, 0.40
529.00,6008.00,14992.00, 0.40
529.50,6001.00,14733.00, 0.41
530.00,6010.00,14761.00, 0.41
530.50,5946.00,14827.00, 0.40
531.00,5907.00,14736.00, 0.40
531.50,6150.00,14620.00, 0.42
532.00,5944.00,14687.00, 0.40
532.50,6023.00,15038.00, 0.40
533.00,6113.00,15071.00, 0.41
533.50,6011.00,14908.00, 0.40
534.00,5998.00,14902.00, 0.40
534.50,5841.00,14876.00, 0.39
535.00,6023.00,14758.00, 0.41
535.50,6073.00,15020.00, 0.40
536.00,5945.00,14880.00, 0.40
536.50,5828.00,14773.00, 0.39
537.00,5921.00,14904.00, 0.40
537.50,6042.00,14963.00, 0.40
538.00,5841.00,15310.00, 0.38
538.50,6014.00,14873.00, 0.40
539.00,5979.00,14829.00, 0.40
539.50,6045.00,14872.00, 0.41
540.00,5920.00,14970.00, 0.40
540.50,6078.00,14842.00, 0.41
541.00,6050.00,15135.00, 0.40
541.50,5965.00,14800.00, 0.40
542.00,5968.00,14906.00, 0.40
542.50,5946.00,14868.00, 0.40
543.00,6037.00,15042.00, 0.40
543.50,5826.00,14998.00, 0.39
544.00,6027.00,14926.00, 0.40
544.50,5947.00,15019.00, 0.40
545.00,6046.00,14704.00, 0.41
545.50,6051.00,14895.00, 0.41
546.00,5887.00,14829.00, 0.40
546.50,5873.00,15057.00, 0.39
547.00,5861.00,14980.00, 0.39
547.50,5971.00,14765.00, 0.40
548.00,5922.00,14955.00, 0.40
548.50,5853.00,15127.00, 0.39
549.00,5885.00,14963.00, 0.39
549.50,5958.00,14886.00, 0.40
550.00,5900.00,14881.00, 0.40
550.50,5989.00,14908.00, 0.40
551.00,5978.00,14961.00, 0.40
551.50,5956.00,14997.00, 0.40
552.00,5874.00,14929.00, 0.39
552.50,6046.00,14888.00, 0.41
553.00,5887.00,14887.00, 0.40
553.50,5948.00,15110.00, 0.39
554.00,5903.00,15128.00, 0.39
554.50,5883.00,14843.00, 0.40
555.00,5870.00,15249.00, 0.38
555.50,5784.00,15271.00, 0.38
556.00,5930.00,15119.00, 0.39
556.50,5928.00,14829.00, 0.40
557.00,5910.00,14791.00, 0.40
557.50,5751.00,14942.00, 0.38
558.00,5964.00,14987.00, 0.40
558.50,6017.00,15281.00, 0.39
559.00,5956.00,14920.00, 0.40
559.50,5900.00,15051.00, 0.39
560.00,5956.00,15219.00, 0.39
560.50,5822.00,15060.00, 0.39
561.00,5852.00,15077.00, 0.39
561.50,5912.00,15324.00, 0.39
562.00,5837.00,15030.00, 0.39
562.50,5911.00,15190.00, 0.39
563.00,5842.00,15078.00, 0.39
563.50,5825.00,14978.00, 0.39
564.00,5811.00,15017.00, 0.39
564.50,5940.00,15124.00, 0.39
565.00,6004.00,15125.00, 0.40
565.50,5911.00,15200.00, 0.39
566.00,5877.00,15048.00, 0.39
566.50,5838.00,15133.00, 0.39
567.00,5892.00,15150.00, 0.39
567.50,5911.00,15157.00, 0.39
568.00,5849.00,15164.00, 0.39
568.50,5867.00,15013.00, 0.39
569.00,5850.00,15342.00, 0.38
569.50,5798.00,15108.00, 0.38
570.00,5851.00,15147.00, 0.39
570.50,5813.00,15109.00, 0.38
571.00,6015.00,15013.00, 0.40
571.50,5753.00,15208.00, 0.38
572.00,5942.00,15120.00, 0.39
572.50,5837.00,15193.00, 0.38
573.00,5726.00,15236.00, 0.38
573.50,5847.00,14974.00, 0.39
574.00,5837.00,15020.00, 0.39
574.50,5948.00,15264.00, 0.39
575.00,5863.00,15028.00, 0.39
575.50,5948.00,15022.00, 0.40
576.00,5839.00,15118.00, 0.39
576.50,5926.00,15179.00, 0.39
577.00,5877.00,15307.00, 0.38
577.50,5981.00,15043.00, 0.40
578.00,5864.00,15006.00, 0.39
578.50,5808.00,15171.00, 0.38
579.00,5813.00,15235.00, 0.38
579.50,5910.00,14786.00, 0.40
580.00,5982.00,15191.00, 0.39
580.50,5705.00,14995.00, 0.38
581.00,5888.00,15111.00, 0.39
581.50,5816.00,15471.00, 0.38
582.00,5906.00,15268.00, 0.39
582.50,5764.00,14974.00, 0.38
583.00,5859.00,15199.00, 0.39
583.50,5946.00,15220.00, 0.39
584.00,5823.00,15239.00, 0.38
584.50,5686.00,15198.00, 0.37
585.00,5844.00,15434.00, 0.38
585.50,5834.00,15267.00, 0.38
586.00,5805.00,15395.00, 0.38
586.50,5815.00,15020.00, 0.39
587.00,5867.00,15137.00, 0.39
587.50,5847.00,15278.00, 0.38
588.00,5862.00,15444.00, 0.38
588.50,5840.00,15207.00, 0.38
589.00,5685.00,15482.00, 0.37
589.50,5757.00,15225.00, 0.38
590.00,5704.00,15214.00, 0.37
590.50,5662.00,15088.00, 0.38
591.00,5832.00,15048.00, 0.39
591.50,5825.00,15154.00, 0.38
592.00,5798.00,15282.00, 0.38
592.50,5738.00,15192.00, 0.38
593.00,5888.00,14855.00, 0.40
593.50,5847.00,15151.00, 0.39
594.00,5778.00,15455.00, 0.37
594.50,5875.00,15191.00, 0.39
595.00,5778.00,15214.00, 0.38
595.50,5767.00,15457.00, 0.37
596.00,5644.00,15098.00, 0.37
596.50,5806.00,15343.00, 0.38
597.00,5739.00,15198.00, 0.38
597.50,5745.00,15062.00, 0.38
598.00,5795.00,15386.00, 0.38
598.50,5807.00,15364.00, 0.38
599.00,5604.00,15242.00, 0.37
599.50,5785.00,15192.00, 0.38
600.00,5792.00,15413.00, 0.38
